route;hour;lag_mean_coarse;lag_median_coarse
1;0;7.0880829015544045;5.0
1;1;3.4545454545454546;2.0
1;2;12.666666666666666;7.0
1;3;24.6;5.0
1;4;7.939814814814815;8.0
1;5;98.46052631578948;119.0
1;6;398.81907894736844;475.0
1;7;1029.8618421052631;1206.0
1;8;1332.5065789473683;1595.0
1;9;1137.6907894736842;1310.0
1;10;1080.2269736842106;1186.5
1;11;1080.578947368421;1179.5
1;12;1133.391447368421;1198.5
1;13;1152.7598684210527;1204.0
1;14;1077.0065789473683;1099.0
1;15;1139.6875;1170.5
1;16;1149.8125;1255.0
1;17;1296.345394736842;1484.5
1;18;1312.3157894736842;1527.0
1;19;1041.1282894736842;1184.0
1;20;705.4506578947369;792.0
1;21;418.36513157894734;434.0
1;22;209.37171052631578;215.5
1;23;44.24013157894737;40.0
7;0;75.81188118811882;70.0
7;1;15.93918918918919;14.0
7;2;3.5652173913043477;1.0
7;3;44.0;44.0
7;4;2.427860696517413;2.0
7;5;153.69306930693068;185.0
7;6;541.8782894736842;579.5
7;7;1158.125;1376.0
7;8;1743.4013157894738;2141.5
7;9;1390.0;1616.5
7;10;1235.5855263157894;1351.0
7;11;1201.907894736842;1253.0
7;12;1279.6447368421052;1296.0
7;13;1300.3092105263158;1371.5
7;14;1345.3717105263158;1407.0
7;15;1405.9901315789473;1449.5
7;16;1463.154605263158;1557.0
7;17;1756.7861842105262;1968.5
7;18;1889.9309210526317;2135.0
7;19;1373.0427631578948;1459.0
7;20;924.1743421052631;962.5
7;21;589.5592105263158;600.5
7;22;321.8980263157895;320.5
7;23;193.60855263157896;191.5
11;0;82.62046204620462;79.0
11;1;8.218905472636816;5.0
11;2;17.4;12.0
11;3;28.0;16.0
11;4;5.286821705426356;5.0
11;5;251.36963696369637;260.0
11;6;1112.032894736842;1278.0
11;7;1732.2861842105262;2084.5
11;8;2267.0131578947367;2683.5
11;9;1886.078947368421;2137.5
11;10;1574.9769736842106;1668.0
11;11;1671.0065789473683;1703.0
11;12;1718.2434210526317;1766.5
11;13;1762.0;1783.5
11;14;1773.4473684210527;1798.5
11;15;1849.7105263157894;1851.5
11;16;1986.6151315789473;1990.5
11;17;2372.7105263157896;2486.0
11;18;2452.9736842105262;2690.0
11;19;1953.5230263157894;2119.0
11;20;1374.8618421052631;1431.5
11;21;860.2105263157895;872.0
11;22;459.76644736842104;454.5
11;23;267.4046052631579;262.5
12;0;67.25742574257426;65.0
12;1;4.140625;3.0
12;2;3.0;3.0
12;3;7.0;7.0
12;4;6.353951890034364;6.0
12;5;309.08223684210526;327.0
12;6;1179.125;1338.5
12;7;1991.3026315789473;2355.0
12;8;2535.0197368421054;3033.0
12;9;1927.0394736842106;2232.5
12;10;1712.516447368421;1819.0
12;11;1712.8848684210527;1743.5
12;12;1737.717105263158;1783.5
12;13;1784.2368421052631;1798.0
12;14;1745.8059210526317;1757.0
12;15;1882.3026315789473;1936.5
12;16;2242.282894736842;2427.0
12;17;2417.8322368421054;2630.5
12;18;2451.4901315789475;2749.5
12;19;2039.1776315789473;2294.0
12;20;1344.8519736842106;1468.0
12;21;875.5986842105264;916.0
12;22;493.1217105263158;491.0
12;23;263.11842105263156;261.5
17;0;148.70529801324503;143.5
17;1;16.501661129568106;15.0
17;2;29.333333333333332;26.0
17;3;16.333333333333332;14.0
17;4;19.135593220338983;23.0
17;5;244.2086092715232;288.5
17;6;1135.1348684210527;1391.5
17;7;2851.2138157894738;3502.0
17;8;3795.5263157894738;4617.0
17;9;2962.75;3444.0
17;10;2505.3651315789475;2685.5
17;11;2594.4243421052633;2720.5
17;12;2721.2368421052633;2814.0
17;13;2822.9210526315787;2920.5
17;14;2863.2993421052633;2953.0
17;15;2975.3684210526317;3095.5
17;16;3250.5197368421054;3389.5
17;17;3742.6776315789475;4054.5
17;18;3951.4111842105262;4489.0
17;19;2956.0065789473683;3255.0
17;20;2146.1052631578946;2276.5
17;21;1433.0;1458.0
17;22;851.6809210526316;840.5
17;23;396.52145214521454;389.0
25;0;12.847222222222221;11.0
25;1;2.255813953488372;2.0
25;4;2.6666666666666665;3.0
25;5;5.679841897233201;3.0
25;6;122.64144736842105;130.0
25;7;361.2105263157895;429.0
25;8;602.4506578947369;693.5
25;9;359.05263157894734;372.5
25;10;293.9506578947368;290.5
25;11;335.8092105263158;331.0
25;12;350.5131578947368;351.0
25;13;429.79605263157896;442.0
25;14;416.23355263157896;403.5
25;15;490.9769736842105;477.0
25;16;540.7763157894736;549.0
25;17;569.0657894736842;565.0
25;18;596.5888157894736;611.0
25;19;423.95723684210526;423.0
25;20;286.92105263157896;286.0
25;21;207.20723684210526;198.0
25;22;119.2532894736842;116.0
25;23;23.372013651877133;13.0
26;0;38.491749174917494;36.0
26;1;3.592741935483871;3.0
26;2;7.076923076923077;1.0
26;3;29.833333333333332;5.5
26;4;5.178137651821863;3.0
26;5;68.88778877887789;75.0
26;6;411.74013157894734;472.0
26;7;777.9342105263158;867.0
26;8;1429.7565789473683;1548.0
26;9;1101.842105263158;1244.5
26;10;960.4802631578947;994.5
26;11;935.0296052631579;950.0
26;12;971.4703947368421;994.5
26;13;997.9243421052631;1028.0
26;14;1011.2467105263158;1011.5
26;15;1050.171052631579;1058.5
26;16;1165.4177631578948;1178.5
26;17;1294.5032894736842;1373.5
26;18;1366.217105263158;1456.0
26;19;1012.828947368421;1068.0
26;20;664.608552631579;692.5
26;21;420.4736842105263;423.5
26;22;235.56578947368422;228.5
26;23;129.25;126.0
28;0;10.8;7.5
28;1;6.142857142857143;3.0
28;2;22.5;23.0
28;3;26.5;26.5
28;4;2.437209302325581;2.0
28;5;64.62046204620462;71.0
28;6;201.26973684210526;231.5
28;7;537.2631578947369;594.5
28;8;818.8782894736842;912.0
28;9;641.2631578947369;677.5
28;10;504.8782894736842;498.0
28;11;486.8486842105263;486.0
28;12;568.6546052631579;568.5
28;13;597.3322368421053;600.5
28;14;557.0526315789474;565.5
28;15;575.1513157894736;572.5
28;16;673.3388157894736;678.5
28;17;743.8453947368421;764.0
28;18;721.046052631579;760.0
28;19;571.9605263157895;606.5
28;20;420.19736842105266;428.5
28;21;289.88486842105266;290.0
28;22;132.18421052631578;129.0
28;23;17.903973509933774;13.0
50;0;47.74315068493151;41.0
50;1;5.150406504065041;4.0
50;2;10.222222222222221;2.0
50;3;10.0;8.0
50;4;2.7641921397379914;2.0
50;5;67.41095890410959;64.0
50;6;446.5748299319728;508.0
50;7;1314.3401360544217;1587.0
50;8;1956.2677966101694;2474.0
50;9;1562.090909090909;1916.0
50;10;1224.95;1442.5
50;11;1202.4247491638796;1356.0
50;12;1155.2828282828282;1249.0
50;13;1163.4208754208755;1225.0
50;14;1134.5690235690236;1210.0
50;15;1247.3581081081081;1314.0
50;16;1349.4228187919464;1475.0
50;17;1716.6107382550335;2010.5
50;18;1761.755033557047;2008.5
50;19;1170.4169491525424;1241.0
50;20;783.1047297297297;817.0
50;21;556.402027027027;570.5
50;22;287.18918918918916;272.0
50;23;154.39661016949154;145.0
