route;dayofweek;hour;lag_mean;lag_median;lag_std;lag_count
1;0;0;3.5;3.5;2.1213203435596424;2
1;0;1;4.0;4.0;;1
1;0;2;1.0;1.0;;1
1;0;3;4.0;4.0;;1
1;0;4;8.285714285714286;8.0;3.0705978943149543;42
1;0;5;125.5813953488372;126.0;24.549495735427797;43
1;0;6;510.3488372093023;507.0;91.14062491842199;43
1;0;7;1332.3953488372092;1411.0;268.23622669427954;43
1;0;8;1706.953488372093;1767.0;324.7130567342989;43
1;0;9;1303.3023255813953;1318.0;212.24093843281943;43
1;0;10;1154.4651162790697;1194.0;210.13106441062746;43
1;0;11;1183.046511627907;1227.0;191.2381902346082;43
1;0;12;1218.1627906976744;1254.0;197.23818453749172;43
1;0;13;1220.953488372093;1257.0;201.04002841040338;43
1;0;14;1172.1162790697674;1217.0;215.41026297590568;43
1;0;15;1308.4186046511627;1351.0;274.2841967704422;43
1;0;16;1351.1860465116279;1416.0;271.83829715598284;43
1;0;17;1601.6279069767443;1663.0;281.5983312362464;43
1;0;18;1693.3953488372092;1761.0;318.89423082589946;43
1;0;19;1314.7674418604652;1346.0;222.3540545647759;43
1;0;20;846.3488372093024;856.0;146.0200383706243;43
1;0;21;457.3720930232558;453.0;66.53964920965186;43
1;0;22;228.09302325581396;229.0;54.92367602647652;43
1;0;23;40.06976744186046;37.0;16.045167420867774;43
1;1;0;5.027027027027027;3.0;5.5851314840112485;37
1;1;1;6.0;6.0;;1
1;1;2;18.5;18.5;16.263455967290593;2
1;1;3;38.0;8.0;56.34713834792323;3
1;1;4;9.804878048780488;7.0;11.483073439186745;41
1;1;5;131.69767441860466;135.0;25.99774246950147;43
1;1;6;521.2093023255813;530.0;98.46090791576572;43
1;1;7;1397.6744186046512;1477.0;281.9462732448822;43
1;1;8;1758.8372093023256;1800.0;318.7960932299725;43
1;1;9;1416.0232558139535;1420.0;199.10244890652612;43
1;1;10;1287.4651162790697;1296.0;182.08257530676377;43
1;1;11;1277.046511627907;1286.0;204.3028743112227;43
1;1;12;1270.3023255813953;1322.0;204.8050797923445;43
1;1;13;1288.3953488372092;1347.0;218.33396650597575;43
1;1;14;1184.0697674418604;1252.0;247.58090503999054;43
1;1;15;1308.139534883721;1409.0;266.7845199153152;43
1;1;16;1334.8372093023256;1401.0;238.35606920185592;43
1;1;17;1571.6046511627908;1662.0;307.1463230894608;43
1;1;18;1667.2325581395348;1718.0;294.08282257516555;43
1;1;19;1321.3488372093022;1363.0;272.20299530566825;43
1;1;20;873.953488372093;898.0;148.1601375424211;43
1;1;21;473.5581395348837;469.0;72.83520287202225;43
1;1;22;239.09302325581396;232.0;53.28218408288365;43
1;1;23;44.97674418604651;41.0;16.975456192892448;43
1;2;0;5.815789473684211;4.5;5.564633802855871;38
1;2;1;2.0;2.0;;1
1;2;4;8.833333333333334;9.0;3.282746222940123;42
1;2;5;128.47727272727272;135.0;31.55393215194378;44
1;2;6;504.47727272727275;535.0;119.56869945794101;44
1;2;7;1318.8181818181818;1404.0;336.5263922562233;44
1;2;8;1750.3863636363637;1780.0;422.83501735635423;44
1;2;9;1368.25;1416.5;280.1353597235484;44
1;2;10;1229.9545454545455;1262.5;253.75440924527103;44
1;2;11;1241.9545454545455;1300.0;266.78141514586514;44
1;2;12;1256.7727272727273;1314.5;242.40623827612134;44
1;2;13;1298.909090909091;1383.0;260.3969972839609;44
1;2;14;1209.1818181818182;1285.0;250.42459504063987;44
1;2;15;1325.0;1397.5;310.45068514496273;44
1;2;16;1334.3636363636363;1396.5;312.05031577802816;44
1;2;17;1586.1818181818182;1653.5;342.9664213496147;44
1;2;18;1665.1363636363637;1693.5;379.55479372237164;44
1;2;19;1294.4545454545455;1343.5;283.08684299439415;44
1;2;20;852.0227272727273;859.0;178.79213455416746;44
1;2;21;468.02272727272725;468.5;102.01333443080533;44
1;2;22;248.9318181818182;257.5;65.54366473821105;44
1;2;23;44.56818181818182;43.0;21.803986969821064;44
1;3;0;7.0;5.0;9.769567259835233;37
1;3;1;3.5;3.5;3.5355339059327378;2
1;3;4;7.75;8.0;3.3722091975135338;40
1;3;5;116.70454545454545;122.5;33.76979491536472;44
1;3;6;486.6363636363636;514.0;133.22617434519162;44
1;3;7;1282.5227272727273;1427.5;382.4579921383896;44
1;3;8;1670.159090909091;1785.5;492.1230675718865;44
1;3;9;1320.2272727272727;1374.0;301.83584508542975;44
1;3;10;1241.590909090909;1233.0;265.49368828671726;44
1;3;11;1221.409090909091;1299.5;271.91571181900844;44
1;3;12;1265.2727272727273;1320.5;249.58005320904724;44
1;3;13;1255.2954545454545;1340.5;267.4315021663517;44
1;3;14;1206.7045454545455;1265.5;282.3199223992341;44
1;3;15;1291.5681818181818;1423.0;351.2676974091539;44
1;3;16;1324.5;1423.5;332.62755902549;44
1;3;17;1543.5;1685.5;386.962921124985;44
1;3;18;1620.75;1700.0;400.05860762503755;44
1;3;19;1257.9545454545455;1336.5;286.29858820253605;44
1;3;20;833.6818181818181;855.0;180.94400685079896;44
1;3;21;477.04545454545456;474.5;87.98386600128894;44
1;3;22;241.52272727272728;247.5;61.00914481066377;44
1;3;23;51.20454545454545;51.0;31.553262128524437;44
1;4;0;6.54054054054054;6.0;6.140008118862686;37
1;4;1;1.5;1.5;0.7071067811865476;2
1;4;3;5.0;5.0;;1
1;4;4;6.439024390243903;7.0;3.0907020277584576;41
1;4;5;124.27272727272727;130.0;40.61467465141349;44
1;4;6;470.40909090909093;486.0;128.02312984729954;44
1;4;7;1281.0454545454545;1409.0;390.4296354164429;44
1;4;8;1630.840909090909;1754.0;458.45026831716933;44
1;4;9;1285.8863636363637;1350.0;283.0528109085185;44
1;4;10;1186.5454545454545;1224.5;263.234129983482;44
1;4;11;1238.25;1336.0;310.79583704673627;44
1;4;12;1229.6363636363637;1303.5;241.8831248532954;44
1;4;13;1259.4772727272727;1337.0;294.55006986504907;44
1;4;14;1188.3863636363637;1233.5;286.4451906588512;44
1;4;15;1324.8181818181818;1402.5;344.6266110692591;44
1;4;16;1383.3181818181818;1450.0;372.03042965860493;44
1;4;17;1525.9318181818182;1622.5;388.94277678756555;44
1;4;18;1393.0681818181818;1472.0;334.2687539903958;44
1;4;19;1084.3636363636363;1126.5;256.2785630963862;44
1;4;20;759.6363636363636;775.0;169.57087986472573;44
1;4;21;476.5;477.0;98.58569640106887;44
1;4;22;245.97727272727272;251.0;73.1228620872492;44
1;4;23;57.40909090909091;49.0;32.573579093619536;44
1;5;0;9.63888888888889;6.0;15.67737729118486;36
1;5;1;2.0;2.0;1.4142135623730951;2
1;5;4;2.142857142857143;2.0;1.7728105208558367;7
1;5;5;33.83720930232558;33.0;9.526729895550128;43
1;5;6;165.7674418604651;167.0;25.806825609943107;43
1;5;7;324.16279069767444;319.0;60.454993189565315;43
1;5;8;434.1162790697674;437.0;79.00940549867212;43
1;5;9;683.2093023255813;697.0;100.66175283013403;43
1;5;10;781.3720930232558;771.0;137.147474197844;43
1;5;11;723.7906976744187;698.0;146.66540445444988;43
1;5;12;890.4883720930233;888.0;179.08010605698794;43
1;5;13;904.5116279069767;917.0;168.37576628213563;43
1;5;14;835.1860465116279;824.0;167.23924348839068;43
1;5;15;739.4883720930233;720.0;149.3092623180273;43
1;5;16;688.6279069767442;715.0;110.42774480041429;43
1;5;17;649.6976744186046;676.0;108.27072217445115;43
1;5;18;594.6046511627907;597.0;97.99274500231995;43
1;5;19;543.4651162790698;547.0;106.19038357439261;43
1;5;20;407.25581395348837;404.0;71.92327029989133;43
1;5;21;299.7906976744186;294.0;58.355869717227606;43
1;5;22;143.8372093023256;135.0;39.38813589355855;43
1;5;23;37.95348837209303;32.0;20.675443783308893;43
1;6;0;17.666666666666668;3.0;35.50023474100794;6
1;6;1;6.0;6.0;7.0710678118654755;2
1;6;4;1.6666666666666667;2.0;0.5773502691896258;3
1;6;5;26.930232558139537;26.0;9.811061174674249;43
1;6;6;126.72093023255815;119.0;25.86809542697;43
1;6;7;253.97674418604652;251.0;35.63270860432337;43
1;6;8;351.74418604651163;349.0;66.08943904655548;43
1;6;9;573.8837209302326;574.0;79.70786222268633;43
1;6;10;670.4883720930233;674.0;76.40661031394978;43
1;6;11;667.8604651162791;632.0;105.21736716036695;43
1;6;12;794.9302325581396;793.0;114.34667324971885;43
1;6;13;833.5116279069767;813.0;138.46976154226792;43
1;6;14;734.7209302325581;738.0;113.1979567334935;43
1;6;15;668.2325581395348;682.0;103.68630281246972;43
1;6;16;618.0697674418604;624.0;93.69489373412722;43
1;6;17;578.046511627907;566.0;93.73238335774079;43
1;6;18;534.7674418604652;536.0;88.7706615008591;43
1;6;19;459.6046511627907;464.0;67.84054818360185;43
1;6;20;357.6046511627907;368.0;61.38796979046027;43
1;6;21;272.3953488372093;263.0;44.33645148444515;43
1;6;22;115.62790697674419;120.0;28.041655456713777;43
1;6;23;33.02325581395349;31.0;13.208021322004479;43
7;0;0;72.32558139534883;70.0;16.507892672514707;43
7;0;1;12.906976744186046;11.0;7.418811204628575;43
7;0;4;2.2758620689655173;2.0;1.4613240504061946;29
7;0;5;198.27906976744185;198.0;38.73064836694047;43
7;0;6;671.7209302325581;677.0;163.1946435835202;43
7;0;7;1491.5813953488373;1517.0;397.22455161725645;43
7;0;8;2206.7441860465115;2354.0;602.0486095318239;43
7;0;9;1674.139534883721;1803.0;406.50177656703954;43
7;0;10;1402.9767441860465;1487.0;361.27330957073883;43
7;0;11;1261.2790697674418;1271.0;363.8598844388812;43
7;0;12;1336.7674418604652;1446.0;351.8753051058004;43
7;0;13;1346.4418604651162;1360.0;368.4249812070412;43
7;0;14;1379.7209302325582;1469.0;401.8469458448432;43
7;0;15;1509.139534883721;1570.0;431.8743523953713;43
7;0;16;1614.2558139534883;1726.0;438.5657953040015;43
7;0;17;2079.1162790697676;2179.0;519.9340713380938;43
7;0;18;2366.0697674418607;2481.0;534.7187242506384;43
7;0;19;1600.0697674418604;1654.0;386.00199822754666;43
7;0;20;1025.4418604651162;1040.0;274.97872665124834;43
7;0;21;562.6046511627907;579.0;138.35360830217823;43
7;0;22;293.6511627906977;298.0;85.28771577959775;43
7;0;23;174.65116279069767;174.0;54.86688815016205;43
7;1;0;56.76744186046512;53.0;22.568242762682004;43
7;1;1;13.951219512195122;13.0;12.40151446298434;41
7;1;2;7.0;1.0;10.392304845413264;3
7;1;3;10.0;10.0;;1
7;1;4;2.84375;2.0;1.9026191624756006;32
7;1;5;202.27906976744185;207.0;37.803581073374616;43
7;1;6;690.5116279069767;684.0;175.05255973877203;43
7;1;7;1527.4883720930231;1620.0;412.4964283881754;43
7;1;8;2263.6744186046512;2431.0;616.4094078934347;43
7;1;9;1711.3488372093022;1785.0;444.90126693463606;43
7;1;10;1490.9302325581396;1571.0;415.54338466689717;43
7;1;11;1357.5348837209303;1463.0;371.71054719635003;43
7;1;12;1417.5581395348838;1490.0;381.7037184547335;43
7;1;13;1411.6279069767443;1515.0;404.1687544328491;43
7;1;14;1431.1627906976744;1518.0;470.10150526154393;43
7;1;15;1577.2558139534883;1693.0;490.9609669783795;43
7;1;16;1630.953488372093;1750.0;496.32127428609203;43
7;1;17;2092.3023255813955;2134.0;554.9332235625387;43
7;1;18;2405.5348837209303;2532.0;615.9749665923434;43
7;1;19;1691.093023255814;1809.0;417.5702287071566;43
7;1;20;1058.4186046511627;1112.0;282.9692253634105;43
7;1;21;626.9302325581396;654.0;154.25479777192967;43
7;1;22;325.3953488372093;334.0;84.2909189976634;43
7;1;23;185.1860465116279;182.0;53.18890674439972;43
7;2;0;60.604651162790695;59.0;17.907353550565176;43
7;2;1;12.404761904761905;12.5;7.441018563274866;42
7;2;2;1.5;1.5;0.7071067811865476;2
7;2;4;2.9696969696969697;3.0;2.143082599972066;33
7;2;5;202.93023255813952;203.0;40.28966271108757;43
7;2;6;669.2727272727273;711.0;193.7297762752149;44
7;2;7;1477.9545454545455;1583.0;448.56240418025965;44
7;2;8;2285.0454545454545;2559.0;706.5352722328098;44
7;2;9;1740.8636363636363;1913.5;534.0009838380055;44
7;2;10;1506.1363636363637;1680.5;448.3679236140831;44
7;2;11;1349.6136363636363;1463.0;392.0141914795345;44
7;2;12;1411.5681818181818;1517.0;434.0446015945383;44
7;2;13;1411.1136363636363;1518.5;388.7809938835411;44
7;2;14;1460.0227272727273;1564.5;456.735457941713;44
7;2;15;1602.4545454545455;1723.0;480.99806384300433;44
7;2;16;1664.9318181818182;1803.5;519.864713963666;44
7;2;17;2163.7272727272725;2313.5;632.8192498334978;44
7;2;18;2371.2045454545455;2513.5;683.5335543913396;44
7;2;19;1622.4545454545455;1693.0;456.4149200904632;44
7;2;20;1063.3636363636363;1082.5;296.1080955129896;44
7;2;21;635.3863636363636;639.5;154.42153360941376;44
7;2;22;350.27272727272725;346.5;112.37196613828716;44
7;2;23;199.6818181818182;206.5;63.41072197770354;44
7;3;0;69.68181818181819;67.0;24.070412917369847;44
7;3;1;15.227272727272727;16.0;7.979227789074365;44
7;3;2;1.3333333333333333;1.0;0.5773502691896257;3
7;3;4;2.676470588235294;2.0;3.7312812669441215;34
7;3;5;190.13636363636363;195.0;53.17351627437264;44
7;3;6;668.5454545454545;682.5;234.13377755636162;44
7;3;7;1444.840909090909;1591.5;556.6584666742119;44
7;3;8;2190.068181818182;2443.0;844.2248790493678;44
7;3;9;1651.5;1807.0;593.811202476045;44
7;3;10;1397.6136363636363;1524.5;492.13352394560616;44
7;3;11;1316.8863636363637;1336.0;483.40671959946025;44
7;3;12;1377.8636363636363;1418.0;451.64905036260853;44
7;3;13;1388.0454545454545;1498.5;415.0167244904298;44
7;3;14;1458.409090909091;1568.0;495.686008931377;44
7;3;15;1495.6818181818182;1597.0;529.5626441511318;44
7;3;16;1624.3181818181818;1724.0;583.2674113561511;44
7;3;17;2028.5454545454545;2188.0;731.0618735798728;44
7;3;18;2382.840909090909;2583.5;801.440097521601;44
7;3;19;1601.3636363636363;1631.5;477.17692544989865;44
7;3;20;1021.2954545454545;1076.0;323.25507097196623;44
7;3;21;631.0909090909091;631.5;192.38089860480318;44
7;3;22;337.1363636363636;321.5;102.34905866555472;44
7;3;23;199.38636363636363;194.5;62.10277150280661;44
7;4;0;69.45454545454545;68.5;24.55222676914392;44
7;4;1;14.292682926829269;13.0;8.571008990891983;41
7;4;2;1.0;1.0;0.0;4
7;4;4;2.09375;1.0;1.766340759145685;32
7;4;5;184.3409090909091;190.5;47.40618308304489;44
7;4;6;607.1818181818181;588.5;204.9030709846559;44
7;4;7;1398.6818181818182;1497.5;523.2487857174222;44
7;4;8;2035.4545454545455;2341.5;733.1015493141214;44
7;4;9;1573.4772727272727;1742.5;558.9190351415416;44
7;4;10;1374.8636363636363;1480.5;439.3205425564012;44
7;4;11;1347.4318181818182;1400.5;444.2720933364458;44
7;4;12;1433.659090909091;1507.0;440.73015227544363;44
7;4;13;1505.8636363636363;1619.5;478.2410402719771;44
7;4;14;1538.6136363636363;1601.0;501.9696190153109;44
7;4;15;1620.2272727272727;1737.5;548.089615132092;44
7;4;16;1796.090909090909;1914.5;596.5070349175533;44
7;4;17;1991.7954545454545;2132.5;691.8701847434949;44
7;4;18;1852.840909090909;2021.5;588.8063583130298;44
7;4;19;1403.909090909091;1402.0;391.69891250164113;44
7;4;20;974.0227272727273;993.0;302.65764592068297;44
7;4;21;614.6590909090909;603.5;155.3134779311226;44
7;4;22;357.15909090909093;359.5;119.50594870506875;44
7;4;23;225.88636363636363;226.0;74.3280647203598;44
7;5;0;96.55813953488372;97.0;29.673864021729063;43
7;5;1;22.348837209302324;24.0;11.594094804253201;43
7;5;2;1.4;1.0;0.5477225575051661;5
7;5;4;1.608695652173913;1.0;0.8387832331734847;23
7;5;5;57.093023255813954;56.0;24.854638307652127;43
7;5;6;287.2325581395349;273.0;93.49887628795138;43
7;5;7;447.3255813953488;461.0;111.67677017481182;43
7;5;8;704.7906976744187;687.0;176.5248610764871;43
7;5;9;759.953488372093;685.0;240.657824018566;43
7;5;10;818.7906976744187;829.0;280.2932612325148;43
7;5;11;954.046511627907;956.0;325.0528860624707;43
7;5;12;1073.1162790697674;1057.0;356.62046046731587;43
7;5;13;1097.1627906976744;1097.0;388.8434579274532;43
7;5;14;1138.2790697674418;1151.0;413.157373774057;43
7;5;15;1066.5116279069769;1158.0;350.978182207074;43
7;5;16;1012.3720930232558;1006.0;339.41139689986096;43
7;5;17;988.7209302325581;975.0;334.99113887224473;43
7;5;18;973.0;989.0;239.35807008389267;43
7;5;19;941.3953488372093;1017.0;272.32177566559216;43
7;5;20;707.6046511627907;766.0;205.5363644728318;43
7;5;21;569.9767441860465;602.0;181.73390914192223;43
7;5;22;310.2093023255814;329.0;103.19412085033277;43
7;5;23;200.7674418604651;220.0;63.78939948108348;43
7;6;0;105.5813953488372;99.0;31.089144145841814;43
7;6;1;20.30952380952381;19.0;13.777833195847235;42
7;6;2;7.166666666666667;1.0;12.812754062521714;6
7;6;3;78.0;78.0;;1
7;6;4;2.111111111111111;1.0;1.7785945835997752;18
7;6;5;39.23255813953488;36.0;19.73374823723529;43
7;6;6;191.25581395348837;187.0;49.992424675313984;43
7;6;7;299.30232558139534;316.0;74.33019475022084;43
7;6;8;488.25581395348837;516.0;103.2537542320481;43
7;6;9;600.2093023255813;613.0;143.999761596948;43
7;6;10;644.4883720930233;668.0;197.39208891527144;43
7;6;11;817.0697674418604;838.0;249.82245079530622;43
7;6;12;898.046511627907;914.0;280.0931778200802;43
7;6;13;932.5116279069767;1037.0;297.64787218112866;43
7;6;14;1001.6046511627907;1053.0;326.83512222634323;43
7;6;15;959.0232558139535;1026.0;298.75220568001004;43
7;6;16;882.9767441860465;923.0;285.90720175910013;43
7;6;17;932.046511627907;933.0;286.4823565986279;43
7;6;18;856.2325581395348;866.0;216.9231636195837;43
7;6;19;739.1860465116279;739.0;207.36628001287664;43
7;6;20;612.4186046511628;634.0;167.86988052799356;43
7;6;21;483.6511627906977;500.0;149.9588647915424;43
7;6;22;277.6279069767442;287.0;89.49594916499588;43
7;6;23;168.67441860465115;165.0;51.715209575517;43
11;0;0;80.11627906976744;79.0;22.87877921144352;43
11;0;1;8.833333333333334;7.0;6.959522925430555;42
11;0;2;1.0;1.0;0.0;2
11;0;4;5.466666666666667;6.0;2.474633209954462;15
11;0;5;288.6279069767442;295.0;48.70319401661161;43
11;0;6;1328.4186046511627;1334.0;165.9697666900496;43
11;0;7;2193.0;2309.0;375.5796155531444;43
11;0;8;2875.9302325581393;3026.0;523.7995979629377;43
11;0;9;2242.046511627907;2348.0;380.84492241333305;43
11;0;10;1694.3953488372092;1759.0;241.23927457381242;43
11;0;11;1726.6744186046512;1758.0;260.6718171087411;43
11;0;12;1660.7441860465117;1703.0;211.60442575973548;43
11;0;13;1767.139534883721;1849.0;296.9173030127243;43
11;0;14;1755.6046511627908;1820.0;290.9666270779;43
11;0;15;1882.2790697674418;1904.0;345.7644619143551;43
11;0;16;2109.186046511628;2140.0;326.2581694517363;43
11;0;17;2633.4186046511627;2721.0;383.62172790630126;43
11;0;18;3013.906976744186;3067.0;461.4290335960711;43
11;0;19;2273.5813953488373;2322.0;312.86443379096306;43
11;0;20;1514.5813953488373;1552.0;236.68204838258865;43
11;0;21;871.9069767441861;867.0;136.4248989202638;43
11;0;22;442.0232558139535;450.0;87.42084538709805;43
11;0;23;227.0;217.0;58.15128054111473;43
11;1;0;67.02325581395348;63.0;22.110639942595423;43
11;1;1;8.45;2.0;21.251563409980477;20
11;1;2;32.0;32.0;;1
11;1;3;10.0;10.0;8.48528137423857;2
11;1;4;7.0;6.5;2.412090756622109;12
11;1;5;279.72093023255815;286.0;51.56610439933956;43
11;1;6;1333.0232558139535;1351.0;186.3406364152047;43
11;1;7;2268.7441860465115;2359.0;400.91051685496717;43
11;1;8;2982.8837209302324;3162.0;530.6737052043834;43
11;1;9;2313.093023255814;2392.0;382.26772056800905;43
11;1;10;1777.8837209302326;1807.0;295.7798577531805;43
11;1;11;1730.2790697674418;1813.0;266.91333760153367;43
11;1;12;1723.4186046511627;1814.0;257.8682048531713;43
11;1;13;1847.1627906976744;1907.0;306.829480348734;43
11;1;14;1857.3953488372092;1880.0;290.6945819547581;43
11;1;15;1921.046511627907;1916.0;338.9777316389165;43
11;1;16;2131.953488372093;2201.0;357.27020276698227;43
11;1;17;2691.3023255813955;2740.0;400.6883680964502;43
11;1;18;2994.860465116279;2991.0;389.68220149460666;43
11;1;19;2276.860465116279;2335.0;291.19880145908417;43
11;1;20;1528.5348837209303;1569.0;202.10491721795546;43
11;1;21;897.7441860465116;890.0;127.67967601687471;43
11;1;22;453.06976744186045;450.0;66.4628056917613;43
11;1;23;240.69767441860466;234.0;50.96849394886297;43
11;2;0;68.32558139534883;64.0;15.5910855638308;43
11;2;1;2.473684210526316;2.0;2.0914753180106986;19
11;2;4;6.3076923076923075;6.0;3.198557367121814;13
11;2;5;289.09302325581393;298.0;50.08792932884956;43
11;2;6;1267.340909090909;1310.5;257.0049264917207;44
11;2;7;2213.0227272727275;2355.0;536.1292142340126;44
11;2;8;2934.2045454545455;3148.5;665.9407955927256;44
11;2;9;2220.840909090909;2297.5;456.75518572083604;44
11;2;10;1764.2727272727273;1799.5;356.35423737443415;44
11;2;11;1786.3863636363637;1782.0;317.80491426448293;44
11;2;12;1809.0681818181818;1867.5;285.3447851388206;44
11;2;13;1895.909090909091;1931.0;363.33787326397936;44
11;2;14;1848.659090909091;1871.5;310.5201145551451;44
11;2;15;1912.659090909091;1936.0;383.3380282060753;44
11;2;16;2049.25;2069.0;363.90940126023315;44
11;2;17;2642.340909090909;2726.0;485.41619367118784;44
11;2;18;2948.068181818182;3042.0;567.9972730743283;44
11;2;19;2255.2045454545455;2368.5;418.9088028379655;44
11;2;20;1528.0;1569.5;278.6278671850556;44
11;2;21;911.2272727272727;922.5;171.67219487941134;44
11;2;22;469.09090909090907;441.5;115.2541818202763;44
11;2;23;255.5;255.0;57.468494907877506;44
11;3;0;72.5;70.5;19.21905546647014;44
11;3;1;2.761904761904762;2.0;2.4880667576405964;21
11;3;4;4.9411764705882355;5.0;2.105664628902657;17
11;3;5;286.9318181818182;273.0;58.63541184470976;44
11;3;6;1284.090909090909;1343.0;229.9071418397476;44
11;3;7;2148.7272727272725;2279.5;576.5244851952068;44
11;3;8;2740.3636363636365;2994.5;776.0911625578678;44
11;3;9;2252.2954545454545;2422.0;567.5652848236914;44
11;3;10;1819.75;1898.0;400.86395795917804;44
11;3;11;1737.9772727272727;1804.0;297.7459888731726;44
11;3;12;1785.9318181818182;1849.5;345.20242782078105;44
11;3;13;1889.909090909091;1998.0;402.28954157953274;44
11;3;14;1854.7727272727273;1913.0;353.9390213960699;44
11;3;15;1913.7272727272727;1955.0;408.0042386713455;44
11;3;16;2095.7272727272725;2135.5;445.4327586681458;44
11;3;17;2596.7045454545455;2693.5;540.1544817595286;44
11;3;18;2920.090909090909;3013.0;629.1434124297937;44
11;3;19;2215.0227272727275;2319.5;392.7666026059518;44
11;3;20;1497.7954545454545;1537.5;228.1382261073679;44
11;3;21;922.2727272727273;957.0;137.36834942936142;44
11;3;22;488.95454545454544;469.5;95.46214507148395;44
11;3;23;267.47727272727275;262.0;54.192803365161446;44
11;4;0;77.5909090909091;78.5;19.2538950234216;44
11;4;1;5.375;4.0;5.131424922877702;24
11;4;4;5.0;5.0;1.9720265943665387;19
11;4;5;279.97727272727275;290.0;55.63815347961834;44
11;4;6;1251.5681818181818;1330.5;270.4394698838096;44
11;4;7;2056.0;2234.5;555.4934533765327;44
11;4;8;2680.9772727272725;2928.5;756.9471883712142;44
11;4;9;2143.431818181818;2250.5;577.7224487600153;44
11;4;10;1737.2045454545455;1821.0;419.9881825328309;44
11;4;11;1734.2272727272727;1765.5;333.10294963097243;44
11;4;12;1772.340909090909;1820.0;345.4962688306468;44
11;4;13;1821.6363636363637;1899.5;385.10657485398986;44
11;4;14;1898.409090909091;1899.5;344.26229306600123;44
11;4;15;2048.659090909091;2095.5;403.4591673055345;44
11;4;16;2269.431818181818;2308.0;471.56248927330995;44
11;4;17;2671.3863636363635;2811.0;567.6244752704064;44
11;4;18;2393.840909090909;2532.5;486.28601705225856;44
11;4;19;2015.409090909091;2079.5;343.7624462478663;44
11;4;20;1446.409090909091;1460.5;200.73693512838074;44
11;4;21;919.1590909090909;933.0;145.79771637950958;44
11;4;22;493.27272727272725;479.0;93.94589329399986;44
11;4;23;305.34090909090907;297.5;54.97819575483229;44
11;5;0;102.06976744186046;101.0;22.516021120248713;43
11;5;1;4.9375;4.0;4.287547610946032;32
11;5;4;5.5;5.0;2.267156809750927;26
11;5;5;209.53488372093022;202.0;39.2363709047087;43
11;5;6;788.0930232558139;814.0;158.45546376753674;43
11;5;7;699.046511627907;714.0;124.20278224940819;43
11;5;8;945.8372093023256;942.0;168.8213948064863;43
11;5;9;1102.2093023255813;1102.0;193.57950970614914;43
11;5;10;1197.7906976744187;1223.0;211.00141707259823;43
11;5;11;1566.2093023255813;1619.0;277.99199698479975;43
11;5;12;1728.5348837209303;1843.0;307.1178111810336;43
11;5;13;1639.5116279069769;1639.0;311.9262254118235;43
11;5;14;1666.1860465116279;1720.0;335.8184923446956;43
11;5;15;1668.1162790697674;1680.0;283.86207325643926;43
11;5;16;1695.6279069767443;1730.0;267.3291197200126;43
11;5;17;1723.139534883721;1806.0;276.02014948838075;43
11;5;18;1516.2790697674418;1532.0;260.1358002111494;43
11;5;19;1464.3488372093022;1473.0;246.3995867846846;43
11;5;20;1138.4186046511627;1157.0;202.36932674575579;43
11;5;21;800.6744186046511;797.0;143.31495800213574;43
11;5;22;463.5813953488372;451.0;93.77131060854771;43
11;5;23;317.86046511627904;317.0;61.505548102570096;43
11;6;0;111.06976744186046;111.0;30.76128933210051;43
11;6;1;16.74418604651163;12.0;14.31797575353612;43
11;6;2;26.5;26.5;20.506096654409877;2
11;6;3;64.0;64.0;;1
11;6;4;4.148148148148148;4.0;2.4131642760827168;27
11;6;5;124.20930232558139;121.0;31.086329976477167;43
11;6;6;520.8372093023256;523.0;108.05706830686363;43
11;6;7;519.0697674418604;523.0;79.36785823854136;43
11;6;8;672.7441860465116;674.0;115.72650291656574;43
11;6;9;906.3488372093024;909.0;129.2947691132333;43
11;6;10;1019.6744186046511;1028.0;147.55107605265638;43
11;6;11;1409.5813953488373;1427.0;213.45583155907937;43
11;6;12;1542.7209302325582;1577.0;225.5162675561286;43
11;6;13;1465.2558139534883;1451.0;237.4297984491071;43
11;6;14;1526.5581395348838;1537.0;264.6026942890561;43
11;6;15;1593.906976744186;1609.0;244.61201679330858;43
11;6;16;1544.5581395348838;1535.0;253.9737802670246;43
11;6;17;1632.2558139534883;1618.0;214.8228609169331;43
11;6;18;1362.7674418604652;1335.0;213.73000738685673;43
11;6;19;1159.6976744186047;1152.0;209.91965978890934;43
11;6;20;962.2093023255813;905.0;193.4264420466731;43
11;6;21;694.4883720930233;692.0;122.39190995926694;43
11;6;22;406.69767441860466;387.0;77.37833303344244;43
11;6;23;257.3488372093023;255.0;44.12637895912486;43
12;0;0;70.46511627906976;69.0;15.263321795993885;43
12;0;1;3.880952380952381;4.0;2.265352833686566;42
12;0;4;6.767441860465116;6.0;3.3154559357674325;43
12;0;5;348.3255813953488;346.0;61.2371350649543;43
12;0;6;1376.906976744186;1377.0;173.5636035405339;43
12;0;7;2494.5348837209303;2570.0;420.47979107982565;43
12;0;8;3250.186046511628;3356.0;615.5011994036494;43
12;0;9;2303.860465116279;2302.0;392.6509768105189;43
12;0;10;1886.3720930232557;1867.0;271.7313995260248;43
12;0;11;1819.093023255814;1818.0;244.0843739710364;43
12;0;12;1900.4651162790697;1963.0;299.749764592402;43
12;0;13;1836.0232558139535;1909.0;308.70802111936297;43
12;0;14;1773.7674418604652;1839.0;310.65712512498266;43
12;0;15;2042.3720930232557;2109.0;387.9648992011797;43
12;0;16;2470.0;2556.0;435.9683256297193;43
12;0;17;2780.6511627906975;2874.0;437.7960975549349;43
12;0;18;3018.2558139534885;3133.0;486.1759965977074;43
12;0;19;2416.5116279069766;2432.0;339.2181747779262;43
12;0;20;1549.046511627907;1555.0;217.04365958514657;43
12;0;21;923.953488372093;931.0;136.22704323653986;43
12;0;22;484.3488372093023;484.0;86.16785493910245;43
12;0;23;243.51162790697674;236.0;44.24626542918259;43
12;1;0;50.883720930232556;51.0;11.054430920128128;43
12;1;1;2.5806451612903225;2.0;1.6077767993596437;31
12;1;2;1.0;1.0;;1
12;1;4;7.558139534883721;6.0;4.001799152413439;43
12;1;5;359.5581395348837;362.0;61.138134902149254;43
12;1;6;1429.4883720930231;1441.0;205.19379598124212;43
12;1;7;2605.093023255814;2721.0;447.5590843651653;43
12;1;8;3424.6744186046512;3513.0;666.7936327048461;43
12;1;9;2402.139534883721;2473.0;349.57644993929364;43
12;1;10;1994.3255813953488;2028.0;280.031011967147;43
12;1;11;1921.3255813953488;2004.0;348.8571628106506;43
12;1;12;1925.6744186046512;2016.0;336.8348981559444;43
12;1;13;1926.5116279069769;2016.0;318.8777472930894;43
12;1;14;1894.6744186046512;1913.0;342.027061093837;43
12;1;15;2081.6046511627906;2181.0;386.050708458955;43
12;1;16;2580.9767441860463;2647.0;426.3742760249662;43
12;1;17;2903.4651162790697;2998.0;448.64337034458964;43
12;1;18;3090.7441860465115;3192.0;472.42596260574464;43
12;1;19;2513.767441860465;2549.0;343.76361183157616;43
12;1;20;1551.906976744186;1560.0;211.53428338074235;43
12;1;21;952.8604651162791;954.0;145.6946548346835;43
12;1;22;520.4418604651163;529.0;103.60325016173627;43
12;1;23;251.25581395348837;250.0;45.96639197917985;43
12;2;0;60.27906976744186;59.0;17.46741944224181;43
12;2;1;3.689655172413793;3.0;2.8423261132372106;29
12;2;4;7.840909090909091;7.5;3.7475150328952513;44
12;2;5;346.22727272727275;356.5;84.65796124223245;44
12;2;6;1403.409090909091;1476.5;293.30532691915835;44
12;2;7;2502.9545454545455;2648.0;549.634972083289;44
12;2;8;3202.590909090909;3346.5;777.5094800343855;44
12;2;9;2368.6136363636365;2457.0;510.7773016714314;44
12;2;10;1979.409090909091;2046.0;381.7734819802711;44
12;2;11;1914.3863636363637;1918.0;385.42131679193886;44
12;2;12;1931.6136363636363;2026.0;359.4647322940229;44
12;2;13;1915.4545454545455;1978.5;358.0947941631731;44
12;2;14;1887.1363636363637;1973.0;387.06015342303675;44
12;2;15;2111.1136363636365;2154.0;453.20770000586793;44
12;2;16;2552.931818181818;2688.0;501.07834404515626;44
12;2;17;2832.7045454545455;2900.0;528.9062245781033;44
12;2;18;3025.75;3122.0;560.8389117061341;44
12;2;19;2424.7272727272725;2489.0;446.8638710378148;44
12;2;20;1547.2045454545455;1570.5;299.3265759143777;44
12;2;21;987.3863636363636;1023.0;178.49958841840254;44
12;2;22;531.0454545454545;532.0;98.5938237004814;44
12;2;23;264.90909090909093;264.0;39.755542648130934;44
12;3;0;55.43181818181818;55.0;15.16942722052258;44
12;3;1;2.789473684210526;2.5;1.6951105319432649;38
12;3;4;7.2727272727272725;6.0;3.793284374060916;44
12;3;5;336.5681818181818;352.0;74.96430087661501;44
12;3;6;1331.5227272727273;1403.5;284.2527117243062;44
12;3;7;2426.681818181818;2629.5;646.5122086556472;44
12;3;8;3117.2954545454545;3399.0;878.9435937016042;44
12;3;9;2220.7045454545455;2350.5;517.9301640786905;44
12;3;10;1876.3636363636363;1914.5;396.53910279098994;44
12;3;11;1849.6818181818182;1923.0;424.4942694289437;44
12;3;12;1903.5681818181818;1938.0;406.72305861104013;44
12;3;13;1876.6363636363637;1937.0;335.9548066858198;44
12;3;14;1838.6363636363637;1941.0;406.67792472777273;44
12;3;15;2032.409090909091;2167.5;451.8323067287304;44
12;3;16;2486.7727272727275;2629.0;579.503430719478;44
12;3;17;2769.5227272727275;2955.0;671.3931191200065;44
12;3;18;2962.9545454545455;3146.5;664.6275387972541;44
12;3;19;2386.8636363636365;2487.5;526.9911782020155;44
12;3;20;1548.0454545454545;1644.0;285.30171337248737;44
12;3;21;950.75;963.5;172.28250528683105;44
12;3;22;531.2045454545455;515.0;112.63370959440998;44
12;3;23;273.29545454545456;272.5;51.60114454538034;44
12;4;0;62.29545454545455;61.0;14.92707785458881;44
12;4;1;3.484848484848485;3.0;1.9704252732787806;33
12;4;4;6.878048780487805;6.0;3.529837970440142;41
12;4;5;334.22727272727275;327.0;85.91528105040686;44
12;4;6;1318.4545454545455;1408.5;287.57983357066735;44
12;4;7;2368.6363636363635;2542.0;643.4205861953423;44
12;4;8;3038.181818181818;3323.5;875.0978223784477;44
12;4;9;2170.7954545454545;2315.0;514.0007501372435;44
12;4;10;1822.7954545454545;1900.5;379.6536107623696;44
12;4;11;1850.0227272727273;1885.0;389.6823088068539;44
12;4;12;1851.5681818181818;1854.5;401.5294826979547;44
12;4;13;1863.5681818181818;1942.5;346.5417453780144;44
12;4;14;1900.0227272727273;1935.5;399.5396472241732;44
12;4;15;2198.431818181818;2244.0;512.219402378865;44
12;4;16;2715.7045454545455;2768.0;629.2049460747307;44
12;4;17;2721.9545454545455;2918.0;630.4215258153995;44
12;4;18;2412.6363636363635;2561.0;517.7104376498368;44
12;4;19;2117.25;2276.0;411.37128168523003;44
12;4;20;1437.6818181818182;1472.0;259.5013799064689;44
12;4;21;994.3636363636364;1017.0;167.7372101538304;44
12;4;22;547.6363636363636;548.0;108.30879431516274;44
12;4;23;303.8636363636364;305.0;55.317094758454694;44
12;5;0;83.11627906976744;87.0;19.806455540129413;43
12;5;1;4.5;4.0;3.1703756956048674;40
12;5;2;5.0;5.0;;1
12;5;3;7.0;7.0;;1
12;5;4;4.45945945945946;4.0;4.432171493088251;37
12;5;5;263.74418604651163;254.0;69.25422215880923;43
12;5;6;840.7441860465116;851.0;150.39045895256976;43
12;5;7;880.7441860465116;900.0;128.2772468083349;43
12;5;8;948.6279069767442;960.0;138.2318658141723;43
12;5;9;1099.3720930232557;1094.0;174.6872066152492;43
12;5;10;1311.2790697674418;1320.0;191.64840396405913;43
12;5;11;1397.2093023255813;1388.0;223.21104236846338;43
12;5;12;1362.6511627906978;1361.0;236.26799591030698;43
12;5;13;1594.6744186046512;1620.0;317.22687697114844;43
12;5;14;1497.6976744186047;1544.0;242.4951187416163;43
12;5;15;1392.6976744186047;1354.0;245.69624441222626;43
12;5;16;1456.139534883721;1485.0;258.02266247785184;43
12;5;17;1410.1162790697674;1432.0;243.6362637506913;43
12;5;18;1372.9767441860465;1427.0;212.53834257690482;43
12;5;19;1384.4418604651162;1409.0;222.25781922348662;43
12;5;20;986.2093023255813;1033.0;168.35047882596066;43
12;5;21;703.4883720930233;705.0;116.82697260581229;43
12;5;22;432.7674418604651;431.0;84.27981660016385;43
12;5;23;278.06976744186045;278.0;43.39979994952644;43
12;6;0;88.72093023255815;94.0;22.026310653825494;43
12;6;1;7.186046511627907;7.0;3.8990585796200823;43
12;6;4;3.1025641025641026;3.0;1.9438820599223579;39
12;6;5;172.8372093023256;173.0;47.721378972890086;43
12;6;6;541.3488372093024;534.0;104.37635285029849;43
12;6;7;629.6744186046511;641.0;89.7975821421852;43
12;6;8;722.8139534883721;734.0;82.24303583600013;43
12;6;9;901.0232558139535;925.0;143.70480463387986;43
12;6;10;1104.4883720930231;1085.0;131.33660355362144;43
12;6;11;1227.4186046511627;1261.0;153.53504835768643;43
12;6;12;1277.4651162790697;1306.0;177.25275857040847;43
12;6;13;1469.7441860465117;1527.0;219.65883644797648;43
12;6;14;1419.6744186046512;1420.0;214.01343092368145;43
12;6;15;1301.3255813953488;1317.0;210.88867757660924;43
12;6;16;1409.5348837209303;1420.0;198.23991583519023;43
12;6;17;1481.5116279069769;1458.0;179.66680432360968;43
12;6;18;1252.7674418604652;1224.0;176.85396682403064;43
12;6;19;1011.8139534883721;1033.0;139.34459782683217;43
12;6;20;782.2790697674419;788.0;116.99335056021147;43
12;6;21;609.2790697674419;607.0;96.6092585480776;43
12;6;22;401.3720930232558;394.0;73.21365448232868;43
12;6;23;225.69767441860466;216.0;42.029771128684104;43
17;0;0;109.69767441860465;116.0;34.53054885151279;43
17;0;1;13.595238095238095;13.0;5.539479256187613;42
17;0;4;23.767441860465116;25.0;5.809832426492202;43
17;0;5;296.3488372093023;300.0;38.14875877711845;43
17;0;6;1419.6976744186047;1465.0;191.13477355292937;43
17;0;7;3703.4883720930234;3861.0;573.4271395612367;43
17;0;8;4900.720930232558;5176.0;747.3389403037636;43
17;0;9;3500.9767441860463;3633.0;414.5426331324505;43
17;0;10;2708.9302325581393;2761.0;281.36854287814975;43
17;0;11;2680.5116279069766;2752.0;273.9983813032672;43
17;0;12;2730.2093023255816;2763.0;258.24329227812404;43
17;0;13;2794.4651162790697;2832.0;272.69740327724566;43
17;0;14;2792.9302325581393;2852.0;303.59594038229704;43
17;0;15;2950.4651162790697;3054.0;387.3120034802266;43
17;0;16;3313.6976744186045;3422.0;383.59133356338873;43
17;0;17;4162.069767441861;4266.0;412.9255897079505;43
17;0;18;4739.7441860465115;4785.0;459.6022655785295;43
17;0;19;3337.232558139535;3418.0;428.15661560480106;43
17;0;20;2294.232558139535;2308.0;237.417036859024;43
17;0;21;1426.7441860465117;1372.0;167.06715117313584;43
17;0;22;798.3720930232558;776.0;136.267597947116;43
17;0;23;341.74418604651163;327.0;53.552863523658644;43
17;1;0;122.90697674418605;110.0;29.481886249573307;43
17;1;1;11.651162790697674;10.0;9.663095533129747;43
17;1;2;52.0;52.0;;1
17;1;3;9.0;9.0;7.0710678118654755;2
17;1;4;25.13953488372093;26.0;5.642447102306374;43
17;1;5;302.1860465116279;302.0;49.92816545224105;43
17;1;6;1457.6046511627908;1509.0;198.70427171276222;43
17;1;7;3801.6744186046512;3893.0;607.5016645452497;43
17;1;8;5012.418604651163;5248.0;769.2134892385716;43
17;1;9;3617.7906976744184;3730.0;447.57183824230594;43
17;1;10;2813.4883720930234;2884.0;311.64520212002253;43
17;1;11;2731.3953488372094;2740.0;275.7721747363282;43
17;1;12;2777.139534883721;2883.0;303.855979465472;43
17;1;13;2814.6511627906975;2895.0;368.37544795137694;43
17;1;14;2889.4418604651164;2959.0;381.2243622808702;43
17;1;15;2962.767441860465;3073.0;404.17981837468756;43
17;1;16;3361.6046511627906;3480.0;331.3734865629707;43
17;1;17;4262.0;4361.0;389.21459376544465;43
17;1;18;4786.720930232558;4865.0;460.0310717032571;43
17;1;19;3443.6279069767443;3444.0;298.1466580038224;43
17;1;20;2390.232558139535;2390.0;205.44328810894356;43
17;1;21;1497.7674418604652;1484.0;184.6263713827653;43
17;1;22;836.7209302325581;803.0;152.1458143926717;43
17;1;23;367.1162790697674;359.0;59.49638216385037;43
17;2;0;131.0;131.0;29.65275222109601;43
17;2;1;12.255813953488373;11.0;6.180202736911182;43
17;2;4;26.3953488372093;27.0;5.920664115273849;43
17;2;5;304.3255813953488;308.0;42.002676179043064;43
17;2;6;1419.7272727272727;1462.5;269.30447570408006;44
17;2;7;3646.7954545454545;3865.0;783.9659632960893;44
17;2;8;4797.931818181818;5095.5;1016.0384857599903;44
17;2;9;3473.7954545454545;3617.0;704.2999024116064;44
17;2;10;2770.318181818182;2845.5;481.2538745347998;44
17;2;11;2727.7272727272725;2835.5;442.169669825192;44
17;2;12;2784.681818181818;2900.0;413.44850205047317;44
17;2;13;2861.3863636363635;2946.5;336.00015337130304;44
17;2;14;2890.0227272727275;2988.0;396.3957670341871;44
17;2;15;2999.840909090909;3125.5;415.20137692908185;44
17;2;16;3318.9772727272725;3464.5;457.18122652845614;44
17;2;17;4064.6363636363635;4288.0;718.9219025059318;44
17;2;18;4547.363636363636;4795.5;779.6121603126774;44
17;2;19;3298.4545454545455;3381.5;505.5029940125009;44
17;2;20;2308.840909090909;2344.5;303.7910039837913;44
17;2;21;1515.7727272727273;1503.0;178.44259889209687;44
17;2;22;870.3636363636364;833.0;147.51020318026576;44
17;2;23;401.15909090909093;390.0;62.04047560349473;44
17;3;0;142.02272727272728;141.5;31.736186254343828;44
17;3;1;11.295454545454545;11.5;4.80590501824552;44
17;3;4;23.704545454545453;25.0;6.715409372807995;44
17;3;5;294.27272727272725;309.5;62.18964380859701;44
17;3;6;1383.1136363636363;1490.5;317.3871684448602;44
17;3;7;3539.4772727272725;3797.5;926.2338217182066;44
17;3;8;4667.931818181818;5065.0;1191.3311764523396;44
17;3;9;3430.0454545454545;3665.0;709.139831212023;44
17;3;10;2746.4545454545455;2854.0;499.0725563387415;44
17;3;11;2707.2727272727275;2788.5;436.4684577237374;44
17;3;12;2805.4545454545455;2867.0;373.69397096066024;44
17;3;13;2861.5454545454545;2958.5;371.03898463422047;44
17;3;14;2887.9545454545455;2931.0;402.9178434662699;44
17;3;15;2998.659090909091;3104.5;423.1705875820095;44
17;3;16;3394.8636363636365;3559.0;474.1955533669427;44
17;3;17;4103.409090909091;4343.0;659.0776260234719;44
17;3;18;4584.704545454545;4744.0;768.1974848909698;44
17;3;19;3350.840909090909;3436.5;459.7113322349154;44
17;3;20;2377.0;2401.5;319.2861951582071;44
17;3;21;1561.7045454545455;1539.5;207.31972606596716;44
17;3;22;912.4772727272727;879.0;196.86832910943926;44
17;3;23;421.1818181818182;412.0;96.91479660644447;44
17;4;0;153.47727272727272;148.0;33.85295743761137;44
17;4;1;15.840909090909092;16.0;5.770587740886042;44
17;4;4;22.886363636363637;25.0;7.850983967633757;44
17;4;5;288.9318181818182;300.5;65.7314471931488;44
17;4;6;1346.3636363636363;1451.5;317.79239170931993;44
17;4;7;3452.909090909091;3758.5;922.4740953867592;44
17;4;8;4525.613636363636;5007.5;1178.150584916868;44
17;4;9;3342.5454545454545;3580.5;683.3625635302775;44
17;4;10;2696.590909090909;2823.0;502.4903247099005;44
17;4;11;2742.7954545454545;2827.0;407.98823395856124;44
17;4;12;2813.7954545454545;2868.5;379.7954516514611;44
17;4;13;2908.590909090909;2966.5;358.4290866377775;44
17;4;14;2979.068181818182;3084.0;392.4970980622851;44
17;4;15;3259.0;3309.5;451.51249692973164;44
17;4;16;3762.1363636363635;3885.0;603.6655315617844;44
17;4;17;4164.931818181818;4344.5;672.2943499074996;44
17;4;18;4037.2727272727275;4273.0;637.7588799901906;44
17;4;19;3051.2272727272725;3168.0;397.1079674893867;44
17;4;20;2291.1363636363635;2331.5;253.24871412323898;44
17;4;21;1576.9772727272727;1594.5;185.6532763145927;44
17;4;22;943.5454545454545;927.0;160.42363314637157;44
17;4;23;472.20454545454544;459.0;93.41196067668744;44
17;5;0;196.13953488372093;194.0;32.331306805919795;43
17;5;1;22.88372093023256;23.0;8.56407030043203;43
17;5;4;5.175;5.0;1.7958284996067968;40
17;5;5;118.16279069767442;121.0;30.78723470203205;43
17;5;6;509.09302325581393;525.0;128.53734198084015;43
17;5;7;1053.3720930232557;1116.0;277.1294199343224;43
17;5;8;1500.093023255814;1605.0;393.43359177965766;43
17;5;9;1860.093023255814;1950.0;498.0219833526899;43
17;5;10;2073.953488372093;2184.0;554.132095025673;43
17;5;11;2431.6046511627906;2548.0;675.6684922404055;43
17;5;12;2687.9302325581393;2809.0;762.1060229749576;43
17;5;13;2861.3953488372094;3016.0;827.0152914903108;43
17;5;14;2900.093023255814;2962.0;818.650481089617;43
17;5;15;2935.813953488372;3127.0;838.3032539093178;43
17;5;16;2914.186046511628;3108.0;837.5444908101174;43
17;5;17;2838.860465116279;2898.0;758.1921662869026;43
17;5;18;2611.4651162790697;2735.0;691.4275208662843;43
17;5;19;2242.9302325581393;2325.0;568.9502612518216;43
17;5;20;1792.3953488372092;1901.0;450.6259212808696;43
17;5;21;1316.4186046511627;1366.0;338.5419881504565;43
17;5;22;862.3488372093024;896.0;237.1901872740353;43
17;5;23;448.0;440.0;115.42413832174394;42
17;6;0;186.61904761904762;185.5;52.26244857235608;42
17;6;1;28.333333333333332;25.5;14.818687389069229;42
17;6;2;18.0;18.0;11.313708498984761;2
17;6;3;31.0;31.0;;1
17;6;4;3.9473684210526314;3.0;2.8753130820933044;38
17;6;5;99.66666666666667;101.5;23.0065384838339;42
17;6;6;393.04651162790697;403.0;92.01836087184736;43
17;6;7;712.2790697674419;740.0;176.86237931838886;43
17;6;8;1103.3953488372092;1156.0;270.7704298702821;43
17;6;9;1482.4186046511627;1604.0;374.9608381175508;43
17;6;10;1711.6046511627908;1852.0;446.7108439170576;43
17;6;11;2130.4883720930234;2274.0;566.8951936432856;43
17;6;12;2443.860465116279;2633.0;671.7748553324403;43
17;6;13;2654.6279069767443;2882.0;738.16777752357;43
17;6;14;2699.6976744186045;2906.0;772.1666035033448;43
17;6;15;2713.3255813953488;2951.0;762.2471702904022;43
17;6;16;2671.3255813953488;2790.0;750.271085006398;43
17;6;17;2577.139534883721;2736.0;739.7728281096179;43
17;6;18;2322.0232558139537;2479.0;637.7808434001407;43
17;6;19;1948.3720930232557;2034.0;531.4055945032235;43
17;6;20;1556.3720930232557;1599.0;435.88399632273354;43
17;6;21;1127.3488372093022;1154.0;322.6476689400145;43
17;6;22;733.953488372093;754.0;225.06876763805542;43
17;6;23;323.0;325.0;98.69602201661809;43
25;0;0;10.581395348837209;9.0;5.390611583553368;43
25;0;1;1.5384615384615385;1.0;0.6602252917735247;13
25;0;5;5.972222222222222;4.0;6.566086510509289;36
25;0;6;148.65116279069767;143.0;43.70402821192869;43
25;0;7;467.30232558139534;473.0;92.6070898457618;43
25;0;8;770.8372093023256;787.0;186.19216011224714;43
25;0;9;412.16279069767444;413.0;91.23098111845614;43
25;0;10;298.48837209302326;297.0;69.7527511295717;43
25;0;11;328.30232558139534;319.0;83.92188399643159;43
25;0;12;338.5348837209302;346.0;76.3467493420984;43
25;0;13;436.5348837209302;458.0;138.33832730581886;43
25;0;14;367.13953488372096;344.0;92.28903391373701;43
25;0;15;428.04651162790697;443.0;96.88824035193286;43
25;0;16;558.3023255813954;579.0;158.76855495368707;43
25;0;17;620.6511627906976;642.0;149.6996809044743;43
25;0;18;701.3488372093024;706.0;194.01508087197394;43
25;0;19;437.83720930232556;416.0;104.99612923308811;43
25;0;20;287.95348837209303;283.0;70.22309804790933;43
25;0;21;195.0;192.0;54.98960940811585;43
25;0;22;101.18604651162791;100.0;32.574643815582554;43
25;0;23;14.342105263157896;8.0;15.779350714195852;38
25;1;0;9.142857142857142;6.5;7.145274316283809;14
25;1;1;2.3333333333333335;1.0;2.3094010767585034;3
25;1;5;5.666666666666667;4.0;5.796248030240785;39
25;1;6;152.41860465116278;146.0;46.8407802373609;43
25;1;7;483.04651162790697;497.0;92.22409392044082;43
25;1;8;769.1860465116279;811.0;186.2700619829731;43
25;1;9;433.1162790697674;439.0;89.33356680024367;43
25;1;10;330.7674418604651;331.0;81.77752549835097;43
25;1;11;367.3720930232558;377.0;104.18413718389691;43
25;1;12;353.5348837209302;342.0;90.5050245480246;43
25;1;13;409.8139534883721;422.0;109.93401826592634;43
25;1;14;387.90697674418607;394.0;80.86049537364258;43
25;1;15;467.4651162790698;452.0;112.53662871159716;43
25;1;16;559.1395348837209;567.0;130.72865051871827;43
25;1;17;601.0697674418604;613.0;131.58003093334798;43
25;1;18;687.4418604651163;710.0;138.11904843037905;43
25;1;19;472.86046511627904;460.0;89.41784774314694;43
25;1;20;306.51162790697674;293.0;65.2100533050597;43
25;1;21;196.62790697674419;194.0;50.07947172616832;43
25;1;22;108.86046511627907;99.0;31.957249267277316;43
25;1;23;12.146341463414634;7.0;15.420053462309646;41
25;2;0;11.555555555555555;8.0;11.226209412699273;9
25;2;1;5.0;5.0;1.4142135623730951;2
25;2;5;6.05;4.0;6.656209747681348;40
25;2;6;155.9318181818182;140.5;69.95194288149833;44
25;2;7;466.5681818181818;476.5;137.0227273165605;44
25;2;8;777.4318181818181;811.0;247.72512878021777;44
25;2;9;419.15909090909093;427.5;149.86458122628937;44
25;2;10;330.54545454545456;313.0;121.51264735504056;44
25;2;11;364.3181818181818;364.0;126.00844798686792;44
25;2;12;374.72727272727275;364.0;113.40180951682973;44
25;2;13;458.34090909090907;472.0;157.26439641746535;44
25;2;14;395.9318181818182;390.0;112.961898850746;44
25;2;15;475.77272727272725;462.5;148.88404472536456;44
25;2;16;556.8181818181819;583.0;126.08215718097478;44
25;2;17;647.0227272727273;666.0;156.07667892422913;44
25;2;18;711.3409090909091;750.0;163.91914387705572;44
25;2;19;470.4318181818182;459.5;118.90144398897706;44
25;2;20;324.70454545454544;319.5;76.15118974637616;44
25;2;21;220.4090909090909;206.5;67.73110933129145;44
25;2;22;118.5909090909091;113.0;28.181569254850984;44
25;2;23;10.581395348837209;6.0;12.745181270805535;43
25;3;0;11.4;7.0;9.80022675474626;10
25;3;1;3.0;3.0;2.8284271247461903;2
25;3;4;4.0;4.0;;1
25;3;5;6.536585365853658;4.0;8.133564904073767;41
25;3;6;144.6590909090909;140.5;57.35687675233233;44
25;3;7;442.52272727272725;474.0;132.06560889517803;44
25;3;8;746.6136363636364;796.0;229.9393464928069;44
25;3;9;400.3181818181818;421.5;105.34677459489477;44
25;3;10;326.95454545454544;334.0;86.06945668590681;44
25;3;11;341.02272727272725;340.5;93.55945470385144;44
25;3;12;355.34090909090907;365.5;78.96479733247585;44
25;3;13;415.52272727272725;418.0;124.29306864551715;44
25;3;14;411.90909090909093;410.0;100.4322792041039;44
25;3;15;474.6136363636364;467.5;111.52353300705786;44
25;3;16;558.75;559.0;136.63754889283499;44
25;3;17;626.75;663.5;165.11407261873282;44
25;3;18;678.5;695.5;152.3236303798364;44
25;3;19;457.4318181818182;466.0;101.32939556673404;44
25;3;20;306.90909090909093;302.0;63.83584258983611;44
25;3;21;216.0;206.0;53.07738974672344;44
25;3;22;122.3409090909091;121.5;34.40993851958727;44
25;3;23;13.348837209302326;7.0;13.074664196598723;43
25;4;0;11.545454545454545;9.0;8.801859307710346;11
25;4;1;3.4;2.0;3.714835124201342;5
25;4;4;1.0;1.0;;1
25;4;5;6.361111111111111;3.5;6.529724464883766;36
25;4;6;149.0909090909091;140.5;65.34766349867246;44
25;4;7;442.22727272727275;481.5;137.1571605158152;44
25;4;8;708.1818181818181;762.0;224.29779547976486;44
25;4;9;400.22727272727275;408.0;120.52421615908189;44
25;4;10;318.5681818181818;317.0;84.99942482083718;44
25;4;11;357.09090909090907;378.0;105.83594548778723;44
25;4;12;366.95454545454544;379.0;96.64655206146767;44
25;4;13;446.90909090909093;469.0;124.18793301336117;44
25;4;14;441.0;425.5;96.07845631275441;44
25;4;15;526.6136363636364;506.5;115.97598306086678;44
25;4;16;620.6136363636364;643.5;158.91100565002378;44
25;4;17;643.7045454545455;663.0;162.59316893249087;44
25;4;18;563.7272727272727;578.5;141.2369547194909;44
25;4;19;434.59090909090907;420.0;117.94368348314774;44
25;4;20;304.1363636363636;291.0;68.0101192570125;44
25;4;21;215.6818181818182;207.5;60.369703138929324;44
25;4;22;132.13636363636363;130.0;36.10230354635374;44
25;4;23;18.738095238095237;8.0;22.65010582413175;42
25;5;0;10.642857142857142;9.0;7.751993717322441;14
25;5;1;3.0;3.0;1.8257418583505538;4
25;5;4;3.0;3.0;;1
25;5;5;4.714285714285714;1.5;7.497442244635181;28
25;5;6;58.02325581395349;44.0;38.14289447159322;43
25;5;7;125.4186046511628;121.0;25.891929757707764;43
25;5;8;261.4418604651163;251.0;69.44758294864292;43
25;5;9;254.65116279069767;234.0;71.27808843868408;43
25;5;10;250.37209302325581;249.0;58.79788757778793;43
25;5;11;328.0;321.0;89.62753615990589;43
25;5;12;347.6046511627907;338.0;86.89461036902655;43
25;5;13;457.6744186046512;463.0;132.74083609841512;43
25;5;14;483.90697674418607;454.0;132.23838754553196;43
25;5;15;561.7209302325581;572.0;130.91042476976295;43
25;5;16;504.4186046511628;497.0;139.05073287218718;43
25;5;17;436.5581395348837;433.0;85.33416173116731;43
25;5;18;439.86046511627904;433.0;110.107648926673;43
25;5;19;383.25581395348837;382.0;85.86897355945884;43
25;5;20;257.83720930232556;264.0;63.18451069705754;43
25;5;21;220.58139534883722;202.0;60.50825703517838;43
25;5;22;139.4418604651163;134.0;38.544533505062994;43
25;5;23;54.55813953488372;51.0;16.21478209415775;43
25;6;0;17.976744186046513;16.0;9.56055480581048;43
25;6;1;1.7857142857142858;1.0;1.05090228108783;14
25;6;5;3.9393939393939394;3.0;4.0769120816142355;33
25;6;6;47.81395348837209;41.0;24.46304872752789;43
25;6;7;95.16279069767442;90.0;18.84640957666313;43
25;6;8;173.58139534883722;173.0;30.30576918056514;43
25;6;9;190.41860465116278;184.0;41.0303212840615;43
25;6;10;199.7674418604651;205.0;46.36236014848906;43
25;6;11;263.27906976744185;256.0;56.7246169713171;43
25;6;12;315.83720930232556;314.0;72.44010012632705;43
25;6;13;383.04651162790697;381.0;98.36277690467399;43
25;6;14;425.83720930232556;414.0;115.94044658328404;43
25;6;15;502.51162790697674;517.0;135.4571399607065;43
25;6;16;424.74418604651163;428.0;111.8017150015951;43
25;6;17;402.8139534883721;398.0;105.12062364231942;43
25;6;18;390.09302325581393;391.0;91.68159548222378;43
25;6;19;309.1860465116279;304.0;69.65536106053845;43
25;6;20;218.65116279069767;218.0;56.65134963337054;43
25;6;21;185.4418604651163;184.0;41.79388331048627;43
25;6;22;111.86046511627907;109.0;26.367892989977346;43
25;6;23;38.2093023255814;39.0;9.44799837590931;43
26;0;0;31.58139534883721;31.0;9.924075003410202;43
26;0;1;3.6842105263157894;3.0;2.5373455288665703;38
26;0;2;1.0;1.0;0.0;2
26;0;3;7.0;7.0;;1
26;0;4;5.371428571428571;5.0;4.305165941228352;35
26;0;5;78.95348837209302;82.0;15.955225279888856;43
26;0;6;500.5581395348837;498.0;91.96461595055159;43
26;0;7;980.0232558139535;1002.0;217.82862293578333;43
26;0;8;1849.9767441860465;1947.0;480.679255913273;43
26;0;9;1318.6744186046512;1382.0;275.9316444796595;43
26;0;10;1102.6976744186047;1113.0;219.6271228462027;43
26;0;11;957.6976744186046;1004.0;199.2971620570315;43
26;0;12;999.5116279069767;1013.0;235.3318196457143;43
26;0;13;1061.6744186046512;1102.0;241.95648181422177;43
26;0;14;1036.2093023255813;1070.0;246.3479496410693;43
26;0;15;1130.0232558139535;1169.0;283.18179323134234;43
26;0;16;1284.4418604651162;1334.0;292.47533899504384;43
26;0;17;1499.2093023255813;1568.0;266.75426163771516;43
26;0;18;1724.1860465116279;1760.0;327.2658927578143;43
26;0;19;1182.5813953488373;1179.0;186.6811940637146;43
26;0;20;742.6279069767442;748.0;125.9130507354776;43
26;0;21;432.2325581395349;436.0;81.66797973948347;43
26;0;22;226.30232558139534;223.0;52.94135789168317;43
26;0;23;109.69767441860465;108.0;20.770325539921853;43
26;1;0;31.046511627906977;30.0;8.31794814548949;43
26;1;1;3.0;1.0;5.092478113191389;31
26;1;2;14.0;13.0;13.527749258468683;3
26;1;3;64.5;64.5;88.38834764831844;2
26;1;4;7.03125;5.0;9.949823713789296;32
26;1;5;84.25581395348837;82.0;17.122935083370624;43
26;1;6;510.3488372093023;510.0;73.27667195893676;43
26;1;7;1016.7441860465116;1027.0;221.3533151862979;43
26;1;8;1919.5348837209303;1974.0;534.1474448144182;43
26;1;9;1380.0697674418604;1393.0;297.4096417680692;43
26;1;10;1117.9302325581396;1101.0;243.178985165526;43
26;1;11;1021.5813953488372;1037.0;214.2266526211077;43
26;1;12;1040.7906976744187;1086.0;233.54489301687502;43
26;1;13;1050.2790697674418;1078.0;250.27920842639452;43
26;1;14;1078.2093023255813;1128.0;264.53693217173844;43
26;1;15;1154.3720930232557;1198.0;267.90865743097464;43
26;1;16;1317.7441860465117;1400.0;309.8837026879336;43
26;1;17;1554.2093023255813;1611.0;338.34918270215445;43
26;1;18;1738.6279069767443;1789.0;327.35745885701834;43
26;1;19;1233.1627906976744;1179.0;266.7915121653145;43
26;1;20;770.6046511627907;757.0;109.30628429955625;43
26;1;21;452.51162790697674;451.0;83.90254326499549;43
26;1;22;235.72093023255815;234.0;46.5225626681216;43
26;1;23;119.0;116.0;26.740374325121532;43
26;2;0;33.86046511627907;32.0;9.043759741098087;43
26;2;1;2.5625;2.0;1.7949301361190602;32
26;2;2;1.0;1.0;;1
26;2;3;1.0;1.0;;1
26;2;4;10.114285714285714;6.0;26.564872237125286;35
26;2;5;83.44186046511628;85.0;14.888957758114687;43
26;2;6;481.8636363636364;491.0;98.33156793006825;44
26;2;7;967.4545454545455;1026.0;255.70745044174308;44
26;2;8;1831.3181818181818;1914.0;554.806891723232;44
26;2;9;1338.5454545454545;1389.0;346.1729272491622;44
26;2;10;1102.3863636363637;1102.0;302.61843469793365;44
26;2;11;991.8409090909091;1018.5;238.8727347434309;44
26;2;12;1038.840909090909;1072.0;268.53477910664014;44
26;2;13;1070.0681818181818;1126.5;264.62376958462266;44
26;2;14;1114.2954545454545;1203.0;299.23729244223676;44
26;2;15;1150.909090909091;1230.0;311.5786375175518;44
26;2;16;1270.9772727272727;1371.0;332.38892102519907;44
26;2;17;1474.0227272727273;1538.5;336.60137825557365;44
26;2;18;1653.0454545454545;1671.5;409.35695201731323;44
26;2;19;1173.340909090909;1176.5;256.3025957986143;44
26;2;20;744.7272727272727;753.5;155.8589648153716;44
26;2;21;474.8863636363636;489.0;101.89214907088423;44
26;2;22;249.5681818181818;239.5;63.344167965346166;44
26;2;23;131.8181818181818;127.0;32.228308174338395;44
26;3;0;38.54545454545455;37.5;13.226918545420476;44
26;3;1;2.8181818181818183;2.0;1.7932955949617149;33
26;3;4;5.15625;4.5;3.9029300407803627;32
26;3;5;79.8409090909091;81.5;17.748820048324973;44
26;3;6;484.6136363636364;486.0;101.59660677109042;44
26;3;7;949.8636363636364;987.5;291.46203956501705;44
26;3;8;1785.2045454545455;1934.0;599.7060357218227;44
26;3;9;1291.590909090909;1368.5;347.49102837217873;44
26;3;10;1059.409090909091;1083.0;244.83001394720148;44
26;3;11;998.7272727272727;1034.0;231.13676245857314;44
26;3;12;1016.8181818181819;1056.0;229.4720201545858;44
26;3;13;1024.840909090909;1078.0;227.66651898977545;44
26;3;14;1068.2727272727273;1137.0;255.86291420760375;44
26;3;15;1137.5454545454545;1241.5;289.548522225627;44
26;3;16;1272.9545454545455;1358.5;359.11972186169487;44
26;3;17;1469.4545454545455;1561.5;377.3571779445837;44
26;3;18;1678.3181818181818;1730.5;447.8446975795357;44
26;3;19;1166.1363636363637;1189.0;244.59093433437465;44
26;3;20;738.5909090909091;733.5;143.45963182005258;44
26;3;21;465.1818181818182;466.5;99.0567778757666;44
26;3;22;249.4318181818182;250.5;55.498333403543064;44
26;3;23;132.52272727272728;132.0;31.42542936848529;44
26;4;0;36.93181818181818;36.0;10.280706082150617;44
26;4;1;2.696969696969697;2.0;1.991934494480938;33
26;4;2;1.0;1.0;;1
26;4;4;3.9444444444444446;2.0;3.632743508262783;36
26;4;5;77.3409090909091;78.0;20.28511102722615;44
26;4;6;478.75;484.5;96.99127867769806;44
26;4;7;910.4318181818181;988.5;274.19076687313486;44
26;4;8;1691.3863636363637;1807.5;572.5958116600708;44
26;4;9;1233.7727272727273;1302.0;341.4233451805097;44
26;4;10;1043.0454545454545;1104.5;279.4515354699858;44
26;4;11;946.25;952.5;226.02861776003417;44
26;4;12;1013.3636363636364;1072.5;254.96712883520755;44
26;4;13;1056.0454545454545;1103.5;271.2845373614511;44
26;4;14;1079.5;1132.0;285.72864831009906;44
26;4;15;1179.3863636363637;1310.5;329.8528365244317;44
26;4;16;1407.4772727272727;1509.0;404.9711725965806;44
26;4;17;1478.4318181818182;1589.5;397.04339858434616;44
26;4;18;1257.8863636363637;1273.0;311.34234622664354;44
26;4;19;997.3636363636364;1014.5;203.34677574300017;44
26;4;20;684.9545454545455;680.0;144.1202589805673;44
26;4;21;443.72727272727275;429.0;89.29995537287971;44
26;4;22;248.1590909090909;223.5;64.60648076852563;44
26;4;23;154.5909090909091;157.0;38.31528821217767;44
26;5;0;45.372093023255815;46.0;13.13124818318059;43
26;5;1;2.973684210526316;2.0;1.8524905384047419;38
26;5;2;1.0;1.0;;1
26;5;4;2.7435897435897436;2.0;1.7728648940411722;39
26;5;5;45.95348837209303;47.0;11.391211082342414;43
26;5;6;265.27906976744185;254.0;40.10422468031645;43
26;5;7;355.30232558139534;349.0;69.18351540639368;43
26;5;8;533.0;514.0;144.9604215278219;43
26;5;9;634.7674418604652;628.0;150.02013153943582;43
26;5;10;735.9069767441861;730.0;186.68279870175098;43
26;5;11;893.4883720930233;945.0;221.8798872935131;43
26;5;12;919.2790697674419;903.0;257.7790051650366;43
26;5;13;928.3720930232558;966.0;216.5502276780602;43
26;5;14;926.5348837209302;933.0;228.37785615668662;43
26;5;15;860.7906976744187;888.0;191.41348389329397;43
26;5;16;867.9767441860465;846.0;209.81425894303257;43
26;5;17;839.8139534883721;866.0;170.18676796725603;43
26;5;18;813.9767441860465;836.0;167.78096384048618;43
26;5;19;770.4418604651163;767.0;104.5498974802124;43
26;5;20;542.046511627907;542.0;87.69263244515228;43
26;5;21;366.6279069767442;361.0;83.02151851171563;43
26;5;22;232.97674418604652;226.0;56.846279089225746;43
26;5;23;145.67441860465115;145.0;34.46925540400188;43
26;6;0;52.13953488372093;48.0;17.777167532900222;43
26;6;1;6.534883720930233;7.0;3.984188016751207;43
26;6;2;9.0;2.0;16.777961735562517;5
26;6;3;21.0;21.0;24.041630560342615;2
26;6;4;2.5789473684210527;2.0;1.7341027580663808;38
26;6;5;31.976744186046513;28.0;16.53493901394577;43
26;6;6;155.88372093023256;155.0;35.30561084662889;43
26;6;7;254.2325581395349;253.0;50.10552541021243;43
26;6;8;374.1860465116279;367.0;63.13939824062519;43
26;6;9;502.48837209302326;499.0;89.57741320673772;43
26;6;10;554.4651162790698;551.0;96.97136269396366;43
26;6;11;732.5581395348837;725.0;121.70540198629936;43
26;6;12;768.0930232558139;780.0;124.37612195301344;43
26;6;13;790.5348837209302;810.0;147.54504539570107;43
26;6;14;770.3953488372093;768.0;150.60973527233884;43
26;6;15;730.7906976744187;725.0;108.5443859484692;43
26;6;16;725.7674418604652;708.0;126.42046948657035;43
26;6;17;733.8604651162791;723.0;110.36100531898305;43
26;6;18;686.0697674418604;665.0;102.18013863220682;43
26;6;19;559.8372093023256;540.0;84.05353459397688;43
26;6;20;424.6511627906977;417.0;76.11735416945722;43
26;6;21;305.30232558139534;284.0;62.046654828566574;43
26;6;22;205.86046511627907;200.0;38.25078984266913;43
26;6;23;110.72093023255815;104.0;27.261804416920853;43
28;0;0;5.0;3.0;4.281744192888377;13
28;0;1;3.25;3.5;1.707825127659933;4
28;0;4;2.5757575757575757;2.0;1.2997668788647985;33
28;0;5;76.93023255813954;77.0;15.566134408414296;43
28;0;6;247.04651162790697;252.0;54.12285561060401;43
28;0;7;679.2558139534884;709.0;169.92142344026124;43
28;0;8;1038.7209302325582;1106.0;251.3297327247515;43
28;0;9;767.5581395348837;807.0;159.86993259783782;43
28;0;10;545.7674418604652;546.0;107.68402569981842;43
28;0;11;500.51162790697674;498.0;100.93028524987015;43
28;0;12;598.4651162790698;618.0;137.13207898769036;43
28;0;13;618.4418604651163;634.0;139.25350338853264;43
28;0;14;561.7209302325581;588.0;119.31856630793354;43
28;0;15;585.5581395348837;607.0;129.67712694842956;43
28;0;16;752.4186046511628;774.0;179.43286747789537;43
28;0;17;856.4651162790698;869.0;169.48624734729108;43
28;0;18;871.4651162790698;904.0;185.84034992141702;43
28;0;19;673.1162790697674;687.0;130.36655452302932;43
28;0;20;459.4186046511628;465.0;85.70998512651599;43
28;0;21;287.4186046511628;294.0;46.214939121529156;43
28;0;22;121.81395348837209;120.0;24.930623561007103;43
28;0;23;15.452380952380953;11.0;16.569443491180785;42
28;1;0;8.583333333333334;4.0;10.483392349402704;12
28;1;1;6.0;1.0;11.29601699715435;6
28;1;2;22.0;22.0;29.698484809834994;2
28;1;3;3.0;3.0;;1
28;1;4;2.9166666666666665;2.0;1.947525903000302;36
28;1;5;74.0;74.0;17.57162214372665;43
28;1;6;246.3953488372093;253.0;55.209617664076525;43
28;1;7;708.2790697674419;727.0;160.71052438074213;43
28;1;8;1073.7441860465117;1124.0;279.91334484114014;43
28;1;9;789.0697674418604;797.0;165.49239593361798;43
28;1;10;584.2790697674419;605.0;137.22979087601922;43
28;1;11;525.7906976744187;539.0;91.71995632138567;43
28;1;12;612.5581395348837;619.0;134.65286981285325;43
28;1;13;650.8604651162791;653.0;140.22797448565655;43
28;1;14;585.3488372093024;619.0;143.39620166998017;43
28;1;15;592.8837209302326;625.0;136.2671062747415;43
28;1;16;730.7906976744187;753.0;149.53253478432532;43
28;1;17;857.2790697674419;893.0;172.03589403728893;43
28;1;18;854.9302325581396;895.0;173.67229613609283;43
28;1;19;675.8837209302326;687.0;107.24098570227922;43
28;1;20;484.3488372093023;501.0;79.6336503773703;43
28;1;21;303.8139534883721;302.0;58.65283487402541;43
28;1;22;134.3953488372093;133.0;33.547506851431514;43
28;1;23;17.11904761904762;14.0;11.61202568608348;42
28;2;0;10.222222222222221;7.0;7.965202096899014;9
28;2;1;2.0;2.0;1.0;3
28;2;4;2.4722222222222223;2.0;1.4037930476515834;36
28;2;5;82.6046511627907;83.0;17.427591062236868;43
28;2;6;249.0;258.0;65.11849663998056;44
28;2;7;681.6136363636364;722.0;196.38893729903955;44
28;2;8;1047.8863636363637;1131.0;336.6375606666398;44
28;2;9;742.1818181818181;743.5;208.3832864707203;44
28;2;10;546.1136363636364;564.5;157.68163626236353;44
28;2;11;541.6818181818181;537.5;146.50244425729394;44
28;2;12;616.5454545454545;599.5;171.12262087230658;44
28;2;13;644.8636363636364;661.5;158.0661608475198;44
28;2;14;575.5909090909091;597.5;150.73298711232886;44
28;2;15;623.4772727272727;655.5;155.60721102385185;44
28;2;16;754.6136363636364;788.5;188.1093467144923;44
28;2;17;850.8636363636364;872.0;205.7777747970437;44
28;2;18;865.5227272727273;866.0;221.8507238155992;44
28;2;19;668.3409090909091;679.0;149.66426663078627;44
28;2;20;472.5681818181818;478.5;112.01440890023255;44
28;2;21;309.8181818181818;299.0;80.08317557746338;44
28;2;22;141.8181818181818;142.5;38.597669966591184;44
28;2;23;17.431818181818183;11.0;15.151019195547466;44
28;3;0;15.3;10.0;12.120231020900551;10
28;3;1;3.142857142857143;2.0;2.0354009783964297;7
28;3;4;2.3333333333333335;2.0;1.3844373104863457;33
28;3;5;76.5909090909091;75.0;21.647619968881678;44
28;3;6;248.0681818181818;267.0;64.84736918056576;44
28;3;7;682.4318181818181;712.5;220.82787127421454;44
28;3;8;1022.4545454545455;1074.5;343.88643707882017;44
28;3;9;754.3636363636364;799.5;215.36913588870175;44
28;3;10;549.2045454545455;572.5;134.96297158772322;44
28;3;11;511.45454545454544;515.0;117.2313265827301;44
28;3;12;611.1590909090909;638.5;160.1772191771988;44
28;3;13;632.8863636363636;670.0;155.0625104121127;44
28;3;14;579.9772727272727;606.0;150.72221308742252;44
28;3;15;601.1590909090909;582.5;154.06385616327574;44
28;3;16;730.9772727272727;775.5;209.95519883530014;44
28;3;17;858.2954545454545;899.0;240.05537922558082;44
28;3;18;871.0227272727273;914.0;234.67577719417767;44
28;3;19;657.9318181818181;675.5;171.98518023327813;44
28;3;20;480.6136363636364;504.5;115.98039447574065;44
28;3;21;312.6136363636364;322.0;68.2356436588614;44
28;3;22;139.38636363636363;142.0;33.261623888178505;44
28;3;23;17.704545454545453;11.0;19.27835217489506;44
28;4;0;9.0;8.5;7.98212288268514;8
28;4;1;2.25;2.0;1.2583057392117916;4
28;4;4;2.7096774193548385;2.0;1.6369391841095133;31
28;4;5;73.79545454545455;75.0;19.496665839531406;44
28;4;6;234.79545454545453;242.5;58.3930465538072;44
28;4;7;651.2954545454545;682.5;211.25170477313557;44
28;4;8;973.3863636363636;1040.0;336.1184879611058;44
28;4;9;707.8409090909091;750.0;198.68965436741468;44
28;4;10;536.75;535.5;141.91548828071404;44
28;4;11;518.8181818181819;512.5;141.37024994216554;44
28;4;12;614.7272727272727;592.5;158.70322803187668;44
28;4;13;624.2045454545455;667.0;146.67533829031817;44
28;4;14;594.4090909090909;623.5;168.44380999234056;44
28;4;15;621.9545454545455;649.5;164.75082729727768;44
28;4;16;796.2045454545455;852.0;221.56143350336865;44
28;4;17;834.4545454545455;850.0;245.71665044200756;44
28;4;18;722.3409090909091;741.0;176.8711189146806;44
28;4;19;581.0909090909091;605.0;135.09132452509684;44
28;4;20;443.09090909090907;434.5;81.15440872169724;44
28;4;21;302.04545454545456;303.0;56.12028383684564;44
28;4;22;142.95454545454547;138.5;33.49068217895598;44
28;4;23;18.772727272727273;15.5;15.222174211913472;44
28;5;0;11.4;9.0;9.524238085595671;10
28;5;1;3.7142857142857144;3.0;2.3603873774083297;7
28;5;4;1.9230769230769231;2.0;0.8909804452658621;26
28;5;5;37.02325581395349;37.0;9.051409708919124;43
28;5;6;98.72093023255815;98.0;26.17007158440939;43
28;5;7;207.72093023255815;205.0;42.25733274288186;43
28;5;8;329.5581395348837;314.0;77.17799536062614;43
28;5;9;415.4186046511628;438.0;83.64671529091278;43
28;5;10;430.7906976744186;443.0;82.9576937904223;43
28;5;11;436.0232558139535;432.0;91.59810987135286;43
28;5;12;507.7674418604651;505.0;108.5705470034735;43
28;5;13;534.5581395348837;551.0;125.58345779857603;43
28;5;14;534.4883720930233;548.0;116.72992273437234;43
28;5;15;527.0930232558139;531.0;99.7809061688678;43
28;5;16;496.74418604651163;503.0;110.27888737699261;43
28;5;17;505.13953488372096;505.0;107.84790467429421;43
28;5;18;450.6279069767442;448.0;82.71696528231044;43
28;5;19;391.0232558139535;390.0;64.01320115789103;43
28;5;20;305.1860465116279;303.0;53.84733968489662;43
28;5;21;274.06976744186045;263.0;49.63552651883299;43
28;5;22;135.62790697674419;131.0;34.856866001115364;43
28;5;23;24.27906976744186;14.0;25.93703509636856;43
28;6;0;14.722222222222221;11.0;15.71363422807069;18
28;6;1;13.272727272727273;6.0;20.8379025292418;11
28;6;2;23.0;23.0;15.556349186104045;2
28;6;3;50.0;50.0;;1
28;6;4;1.7;1.5;0.8645047258706174;20
28;6;5;30.906976744186046;31.0;6.924126052772609;43
28;6;6;81.88372093023256;80.0;11.625524672902548;43
28;6;7;140.86046511627907;143.0;24.683309760461555;43
28;6;8;232.74418604651163;227.0;30.034181339375106;43
28;6;9;305.8837209302326;299.0;49.91335793262905;43
28;6;10;338.51162790697674;341.0;59.32532266403262;43
28;6;11;371.06976744186045;365.0;69.95590289564298;43
28;6;12;416.1860465116279;416.0;69.8349263873142;43
28;6;13;472.95348837209303;469.0;76.88703943305156;43
28;6;14;466.0;466.0;83.56605599336201;43
28;6;15;471.1162790697674;477.0;82.74263290535742;43
28;6;16;445.5348837209302;440.0;67.63710901611324;43
28;6;17;437.16279069767444;434.0;76.34069320909802;43
28;6;18;404.5348837209302;401.0;62.92374403733962;43
28;6;19;351.8837209302326;351.0;63.856688243629385;43
28;6;20;293.0;285.0;57.42158213806108;43
28;6;21;238.13953488372093;232.0;45.53103671717151;43
28;6;22;108.65116279069767;112.0;27.956499986101054;43
28;6;23;14.488372093023257;11.0;12.765974293714292;43
50;0;0;40.28947368421053;37.0;22.030578128784498;38
50;0;1;5.294117647058823;5.0;3.0996520993903336;34
50;0;2;8.0;8.0;;1
50;0;4;2.8157894736842106;3.0;1.2270655648443332;38
50;0;5;72.53488372093024;68.0;26.082605805045542;43
50;0;6;529.6046511627907;527.0;112.85054160151988;43
50;0;7;1682.4186046511627;1715.0;339.3265201316769;43
50;0;8;2531.953488372093;2647.0;473.4120803118152;43
50;0;9;1991.3023255813953;2077.0;368.51042079235447;43
50;0;10;1488.7441860465117;1514.0;280.5610105131414;43
50;0;11;1403.046511627907;1438.0;256.1406750287978;43
50;0;12;1287.8372093023256;1320.0;195.53527634876647;43
50;0;13;1296.2093023255813;1359.0;233.22853682085488;43
50;0;14;1263.6744186046512;1310.0;212.85001660349081;43
50;0;15;1407.9767441860465;1481.0;319.08302310960755;43
50;0;16;1490.6511627906978;1520.0;262.9020172105524;43
50;0;17;2115.813953488372;2174.0;374.9348042256309;43
50;0;18;2331.7441860465115;2429.0;411.74102430574675;43
50;0;19;1428.6511627906978;1437.0;303.54648845502675;43
50;0;20;892.8837209302326;872.0;202.961433036207;43
50;0;21;586.0;588.0;128.59682288899228;43
50;0;22;284.4651162790698;262.0;96.43363097345373;43
50;0;23;137.04651162790697;129.0;43.09344966706884;43
50;1;0;39.13953488372093;34.0;22.588009245687807;43
50;1;1;4.416666666666667;3.0;6.95033401047337;36
50;1;2;9.0;2.0;13.0;3
50;1;3;5.0;6.0;3.605551275463989;3
50;1;4;3.0588235294117645;3.0;2.159421590213008;34
50;1;5;76.51162790697674;67.0;32.17909118032366;43
50;1;6;578.7906976744187;558.0;129.0510342276107;43
50;1;7;1749.3488372093022;1776.0;318.53503087019;43
50;1;8;2609.4418604651164;2732.0;488.20640162428475;43
50;1;9;2027.3023255813953;2128.0;366.46357155954416;43
50;1;10;1569.7906976744187;1614.0;279.65246783919014;43
50;1;11;1432.5116279069769;1481.0;288.03475088731113;43
50;1;12;1352.2790697674418;1414.0;272.49939498241224;43
50;1;13;1331.1627906976744;1409.0;297.35836406218823;43
50;1;14;1277.7906976744187;1361.0;292.01455917222563;43
50;1;15;1433.6744186046512;1491.0;396.48813835198223;43
50;1;16;1513.3720930232557;1519.0;307.046686635903;43
50;1;17;2220.8837209302324;2263.0;424.0737923939051;43
50;1;18;2388.0;2427.0;468.843155822824;43
50;1;19;1434.7906976744187;1466.0;293.24332153638574;43
50;1;20;931.9302325581396;913.0;182.00999388427587;43
50;1;21;630.2325581395348;620.0;130.3690434350013;43
50;1;22;298.06976744186045;285.0;87.25807244655067;43
50;1;23;145.95348837209303;132.0;49.52245930521594;43
50;2;0;40.348837209302324;35.0;21.115198454160513;43
50;2;1;5.0588235294117645;5.0;3.0544669372813225;34
50;2;4;2.8;3.0;1.5884196306634226;40
50;2;5;78.63636363636364;70.5;37.089515166776636;44
50;2;6;544.5;546.5;159.58805982030515;44
50;2;7;1669.7045454545455;1677.0;448.22744327973817;44
50;2;8;2502.659090909091;2625.0;665.4915281966255;44
50;2;9;1993.5681818181818;2054.5;471.0829876886244;44
50;2;10;1518.3181818181818;1566.0;343.3255132288112;44
50;2;11;1434.2045454545455;1440.0;336.44962852854786;44
50;2;12;1340.3863636363637;1400.5;301.8255476348448;44
50;2;13;1350.6363636363637;1410.0;330.8551352289996;44
50;2;14;1326.8863636363637;1310.5;317.68268620126395;44
50;2;15;1452.340909090909;1457.0;427.83690345965374;44
50;2;16;1595.1818181818182;1625.0;393.84587191504795;44
50;2;17;2149.840909090909;2146.0;534.411910777211;44
50;2;18;2255.9545454545455;2416.5;612.2588734501062;44
50;2;19;1444.9772727272727;1434.5;413.471716005551;44
50;2;20;896.0909090909091;859.0;234.1787051846197;44
50;2;21;625.8863636363636;608.5;147.61439646011257;44
50;2;22;315.95454545454544;288.5;100.38830529161984;44
50;2;23;152.27272727272728;145.0;49.60699671035896;44
50;3;0;44.18181818181818;39.5;21.745111963191974;44
50;3;1;4.588235294117647;3.0;4.023549217618117;34
50;3;2;24.0;24.0;;1
50;3;3;9.0;9.0;;1
50;3;4;3.272727272727273;2.0;3.511345248554385;33
50;3;5;79.27272727272727;69.5;37.336535904114605;44
50;3;6;524.1590909090909;550.0;155.0122190505261;44
50;3;7;1636.25;1725.5;497.2722395555156;44
50;3;8;2399.818181818182;2626.0;702.8706676734257;44
50;3;9;1897.4318181818182;2027.0;527.9592742277845;44
50;3;10;1478.2727272727273;1568.0;370.09334860378283;44
50;3;11;1391.4545454545455;1469.5;344.5106036472172;44
50;3;12;1298.7727272727273;1360.5;305.64014892394204;44
50;3;13;1283.2727272727273;1278.5;286.0620654428201;44
50;3;14;1227.6818181818182;1252.5;300.5879334042624;44
50;3;15;1369.2727272727273;1477.0;396.82304436767055;44
50;3;16;1532.4545454545455;1626.5;391.9741599543031;44
50;3;17;2069.931818181818;2209.0;555.9120893244565;44
50;3;18;2268.0;2405.0;610.3955256015715;44
50;3;19;1408.9545454545455;1417.5;384.54872099132996;44
50;3;20;929.5454545454545;937.5;241.24285308565078;44
50;3;21;669.6590909090909;654.0;163.52710367509007;44
50;3;22;318.1136363636364;292.0;93.85025576629813;44
50;3;23;173.95454545454547;154.0;63.070265188529;44
50;4;0;49.31818181818182;42.5;27.740301240188543;44
50;4;1;4.026315789473684;3.5;2.7654904467553862;38
50;4;2;1.0;1.0;;1
50;4;4;2.951219512195122;2.0;1.87017672309591;41
50;4;5;75.43181818181819;67.0;36.601180389704126;44
50;4;6;529.1136363636364;545.0;165.58398640542265;44
50;4;7;1552.1818181818182;1682.5;480.8451025902099;44
50;4;8;2353.75;2598.0;720.465744872637;44
50;4;9;1791.2045454545455;1999.5;512.1026686463098;44
50;4;10;1405.090909090909;1474.5;350.00929012134424;44
50;4;11;1397.3863636363637;1500.5;345.653087001854;44
50;4;12;1348.7727272727273;1447.5;307.7182994185431;44
50;4;13;1337.159090909091;1371.0;295.7596402472019;44
50;4;14;1278.0;1353.0;302.3611732180034;44
50;4;15;1537.0454545454545;1560.5;422.895168413202;44
50;4;16;1824.0227272727273;1946.5;481.4338317517576;44
50;4;17;1911.590909090909;2056.0;489.4788076834864;44
50;4;18;1623.409090909091;1709.0;413.363757717707;44
50;4;19;1160.0;1178.0;281.06036759486057;44
50;4;20;806.0909090909091;788.5;230.7465959517939;44
50;4;21;574.8181818181819;544.0;141.0913068584877;44
50;4;22;323.1136363636364;304.5;98.39578737179684;44
50;4;23;182.45454545454547;171.0;50.65407283859237;44
50;5;0;65.81395348837209;59.0;33.4430972406176;43
50;5;1;5.297297297297297;4.0;3.2477758617318484;37
50;5;3;5.0;5.0;4.242640687119285;2
50;5;4;1.6521739130434783;1.0;1.0272954630384807;23
50;5;5;46.71052631578947;33.0;43.165243710424825;38
50;5;6;201.4102564102564;170.0;127.69406653748597;39
50;5;7;397.53846153846155;386.0;171.2120639738988;39
50;5;8;556.05;585.5;233.16770128617068;40
50;5;9;569.9047619047619;615.5;267.2738441779316;42
50;5;10;561.8095238095239;606.5;273.2432346334277;42
50;5;11;674.3571428571429;722.5;332.60661752422476;42
50;5;12;710.1951219512196;775.0;323.96591020601187;41
50;5;13;739.219512195122;816.0;339.3514779837508;41
50;5;14;742.2682926829268;810.0;323.4027693442222;41
50;5;15;725.975;781.0;292.0840665340664;40
50;5;16;708.5;787.0;293.0179831708943;40
50;5;17;699.390243902439;775.0;307.28902340050973;41
50;5;18;663.525;696.0;300.95540069107955;40
50;5;19;627.1315789473684;662.0;234.2410598314332;38
50;5;20;491.1794871794872;486.0;220.88385514312264;39
50;5;21;407.9736842105263;393.0;173.14163657476928;38
50;5;22;230.76923076923077;238.0;93.91834682555556;39
50;5;23;163.07894736842104;147.0;87.19235696077686;38
50;6;0;55.351351351351354;52.0;24.43610286283644;37
50;6;1;7.606060606060606;6.0;6.814228651961432;33
50;6;2;10.666666666666666;2.0;15.88500340992514;3
50;6;3;36.0;36.0;;1
50;6;4;2.15;2.0;1.5985190514644287;20
50;6;5;34.25;27.5;20.99166501257106;36
50;6;6;147.97297297297297;133.0;74.0999649446935;37
50;6;7;259.13513513513516;247.0;111.59653572932623;37
50;6;8;391.97297297297297;368.0;165.05848904192962;37
50;6;9;464.5405405405405;468.0;164.67267104346303;37
50;6;10;467.45;483.5;212.90974974965695;40
50;6;11;601.5128205128206;620.0;240.88563259190818;39
50;6;12;658.078947368421;682.5;223.3549328564168;38
50;6;13;724.3157894736842;736.0;247.36154798114873;38
50;6;14;753.1052631578947;772.0;237.9288775713476;38
50;6;15;689.6578947368421;690.0;229.70936705839182;38
50;6;16;668.55;713.5;267.13455267106355;40
50;6;17;682.4871794871794;725.0;242.1491354076604;39
50;6;18;625.725;633.5;273.7662288831898;40
50;6;19;556.4358974358975;557.0;221.19624471826572;39
50;6;20;471.28205128205127;467.0;205.90927341888232;39
50;6;21;364.95;355.5;169.3139929395329;40
50;6;22;226.74358974358975;218.0;98.71002667268404;39
50;6;23;123.05128205128206;116.0;69.89990916263532;39
