temperature_2m_mean;precipitation_sum;snowfall_sum;date
-2.6;3.9;2.66;2025-01-01
2.1;2.0;0.07;2025-01-02
-3.7;3.5;1.96;2025-01-03
-5.3;0.8;0.56;2025-01-04
-4.9;0.5;0.35;2025-01-05
-5.8;0.0;0.0;2025-01-06
-2.1;6.1;2.45;2025-01-07
2.1;1.0;0.0;2025-01-08
-0.4;0.0;0.0;2025-01-09
0.9;2.4;0.21;2025-01-10
2.9;5.0;0.0;2025-01-11
-1.1;0.0;0.0;2025-01-12
-2.5;0.8;0.56;2025-01-13
-5.0;2.0;1.33;2025-01-14
-0.1;0.3;0.14;2025-01-15
-1.3;3.8;2.31;2025-01-16
2.4;0.0;0.0;2025-01-17
1.2;1.8;0.07;2025-01-18
-0.3;0.0;0.0;2025-01-19
0.3;0.0;0.0;2025-01-20
-5.7;0.0;0.0;2025-01-21
-5.4;0.9;0.63;2025-01-22
-2.6;0.0;0.0;2025-01-23
-2.0;0.0;0.0;2025-01-24
-0.5;0.0;0.0;2025-01-25
1.7;0.9;0.49;2025-01-26
3.4;2.4;0.0;2025-01-27
3.5;0.1;0.0;2025-01-28
3.4;0.1;0.0;2025-01-29
4.6;0.1;0.0;2025-01-30
3.3;0.0;0.0;2025-01-31
2.5;1.4;0.0;2025-02-01
0.4;0.4;0.28;2025-02-02
-0.7;0.1;0.07;2025-02-03
-1.8;0.0;0.0;2025-02-04
-1.5;0.0;0.0;2025-02-05
-1.5;0.0;0.0;2025-02-06
-3.7;0.0;0.0;2025-02-07
-4.0;0.0;0.0;2025-02-08
-4.4;0.0;0.0;2025-02-09
-5.0;0.0;0.0;2025-02-10
-5.9;0.0;0.0;2025-02-11
-6.8;0.0;0.0;2025-02-12
-7.1;0.0;0.0;2025-02-13
-6.9;0.2;0.21;2025-02-14
-8.5;0.2;0.14;2025-02-15
-10.7;0.5;0.35;2025-02-16
-12.2;0.0;0.0;2025-02-17
-10.9;0.3;0.21;2025-02-18
-7.5;0.1;0.07;2025-02-19
-9.2;0.0;0.0;2025-02-20
-7.6;0.0;0.0;2025-02-21
-7.4;0.0;0.0;2025-02-22
-9.6;0.0;0.0;2025-02-23
-10.5;0.0;0.0;2025-02-24
-9.5;0.0;0.0;2025-02-25
-6.6;0.0;0.0;2025-02-26
-6.4;0.0;0.0;2025-02-27
-4.2;0.0;0.0;2025-02-28
-0.7;0.0;0.0;2025-03-01
-1.1;0.4;0.28;2025-03-02
-0.4;1.2;0.84;2025-03-03
1.2;5.7;2.8;2025-03-04
1.2;3.2;1.75;2025-03-05
4.4;2.3;0.0;2025-03-06
7.0;0.0;0.0;2025-03-07
3.6;0.0;0.0;2025-03-08
5.6;0.0;0.0;2025-03-09
3.9;0.0;0.0;2025-03-10
6.8;0.2;0.0;2025-03-11
7.5;4.6;0.0;2025-03-12
7.0;0.2;0.0;2025-03-13
9.4;7.0;0.0;2025-03-14
0.3;0.0;0.0;2025-03-15
-0.1;0.0;0.0;2025-03-16
-1.7;1.8;1.26;2025-03-17
-2.3;0.0;0.0;2025-03-18
-0.2;0.9;0.42;2025-03-19
3.1;0.0;0.0;2025-03-20
4.6;0.0;0.0;2025-03-21
1.5;0.0;0.0;2025-03-22
0.7;0.0;0.0;2025-03-23
4.1;0.0;0.0;2025-03-24
3.9;5.2;0.14;2025-03-25
3.0;0.2;0.0;2025-03-26
4.8;1.8;0.0;2025-03-27
6.1;0.1;0.0;2025-03-28
6.9;0.0;0.0;2025-03-29
7.2;0.0;0.0;2025-03-30
9.3;0.0;0.0;2025-03-31
8.7;6.8;0.0;2025-04-01
8.6;3.6;0.0;2025-04-02
8.3;0.0;0.0;2025-04-03
8.8;0.0;0.0;2025-04-04
4.0;0.1;0.0;2025-04-05
-1.9;11.6;8.12;2025-04-06
-1.3;13.4;9.38;2025-04-07
-1.4;7.3;5.04;2025-04-08
-2.2;3.6;2.52;2025-04-09
-1.9;1.0;0.7;2025-04-10
-0.9;0.0;0.0;2025-04-11
-0.1;1.2;0.84;2025-04-12
3.0;2.4;1.68;2025-04-13
6.3;0.0;0.0;2025-04-14
11.5;0.0;0.0;2025-04-15
13.3;0.0;0.0;2025-04-16
12.9;0.0;0.0;2025-04-17
16.3;0.4;0.0;2025-04-18
18.1;1.2;0.0;2025-04-19
18.3;0.0;0.0;2025-04-20
18.5;0.0;0.0;2025-04-21
18.1;0.1;0.0;2025-04-22
18.2;0.3;0.0;2025-04-23
14.9;0.0;0.0;2025-04-24
12.8;3.3;0.0;2025-04-25
4.5;0.0;0.0;2025-04-26
2.6;0.3;0.21;2025-04-27
5.1;0.0;0.0;2025-04-28
7.9;3.0;0.0;2025-04-29
8.1;1.8;0.0;2025-04-30
6.4;21.1;0.0;2025-05-01
3.8;9.3;4.9;2025-05-02
8.1;0.4;0.0;2025-05-03
11.9;7.7;0.0;2025-05-04
11.3;3.5;0.0;2025-05-05
6.8;0.4;0.0;2025-05-06
9.4;0.1;0.0;2025-05-07
6.6;0.2;0.0;2025-05-08
6.0;0.0;0.0;2025-05-09
5.9;1.8;0.0;2025-05-10
5.1;1.2;0.0;2025-05-11
5.0;4.0;0.07;2025-05-12
6.3;7.1;0.0;2025-05-13
8.8;0.9;0.0;2025-05-14
11.4;0.1;0.0;2025-05-15
15.5;0.0;0.0;2025-05-16
16.3;0.0;0.0;2025-05-17
16.1;1.4;0.0;2025-05-18
13.9;1.9;0.0;2025-05-19
12.6;6.3;0.0;2025-05-20
14.6;0.8;0.0;2025-05-21
16.4;0.0;0.0;2025-05-22
20.2;0.0;0.0;2025-05-23
22.5;0.0;0.0;2025-05-24
23.2;0.0;0.0;2025-05-25
23.2;0.0;0.0;2025-05-26
22.9;0.0;0.0;2025-05-27
22.4;0.0;0.0;2025-05-28
23.8;0.1;0.0;2025-05-29
23.0;0.5;0.0;2025-05-30
21.0;3.5;0.0;2025-05-31
18.3;0.1;0.0;2025-06-01
17.8;0.0;0.0;2025-06-02
19.5;0.1;0.0;2025-06-03
18.7;0.4;0.0;2025-06-04
20.0;0.0;0.0;2025-06-05
21.6;2.7;0.0;2025-06-06
22.8;3.3;0.0;2025-06-07
22.1;1.9;0.0;2025-06-08
22.1;1.7;0.0;2025-06-09
17.3;0.0;0.0;2025-06-10
16.3;0.0;0.0;2025-06-11
17.8;3.7;0.0;2025-06-12
16.4;10.4;0.0;2025-06-13
14.5;10.0;0.0;2025-06-14
15.0;5.7;0.0;2025-06-15
18.4;0.0;0.0;2025-06-16
17.8;5.2;0.0;2025-06-17
16.5;4.1;0.0;2025-06-18
15.1;4.7;0.0;2025-06-19
13.6;7.8;0.0;2025-06-20
13.8;0.1;0.0;2025-06-21
13.2;2.6;0.0;2025-06-22
15.3;0.0;0.0;2025-06-23
16.3;1.9;0.0;2025-06-24
15.9;1.8;0.0;2025-06-25
15.7;1.1;0.0;2025-06-26
14.6;0.0;0.0;2025-06-27
16.6;0.0;0.0;2025-06-28
16.9;7.7;0.0;2025-06-29
12.5;8.3;0.0;2025-06-30
12.9;7.6;0.0;2025-07-01
15.5;1.5;0.0;2025-07-02
20.0;0.0;0.0;2025-07-03
20.9;1.5;0.0;2025-07-04
16.7;0.0;0.0;2025-07-05
16.5;0.1;0.0;2025-07-06
21.9;0.1;0.0;2025-07-07
24.9;1.6;0.0;2025-07-08
25.7;1.5;0.0;2025-07-09
27.9;0.0;0.0;2025-07-10
29.0;0.0;0.0;2025-07-11
29.0;0.6;0.0;2025-07-12
26.4;3.1;0.0;2025-07-13
23.8;1.8;0.0;2025-07-14
22.3;9.0;0.0;2025-07-15
21.0;7.4;0.0;2025-07-16
21.2;5.6;0.0;2025-07-17
21.6;0.0;0.0;2025-07-18
21.3;1.4;0.0;2025-07-19
21.9;0.6;0.0;2025-07-20
18.9;31.2;0.0;2025-07-21
19.5;3.2;0.0;2025-07-22
20.4;1.4;0.0;2025-07-23
21.3;3.0;0.0;2025-07-24
22.6;0.0;0.0;2025-07-25
20.9;0.0;0.0;2025-07-26
22.5;0.0;0.0;2025-07-27
25.0;0.0;0.0;2025-07-28
25.6;0.2;0.0;2025-07-29
25.4;0.1;0.0;2025-07-30
25.6;0.1;0.0;2025-07-31
22.1;18.3;0.0;2025-08-01
20.9;1.1;0.0;2025-08-02
21.1;0.2;0.0;2025-08-03
19.7;21.7;0.0;2025-08-04
20.5;7.4;0.0;2025-08-05
21.0;0.0;0.0;2025-08-06
18.1;5.2;0.0;2025-08-07
17.1;0.1;0.0;2025-08-08
15.9;10.3;0.0;2025-08-09
17.3;0.1;0.0;2025-08-10
16.6;1.9;0.0;2025-08-11
16.6;5.0;0.0;2025-08-12
16.7;1.0;0.0;2025-08-13
15.1;0.5;0.0;2025-08-14
18.2;0.0;0.0;2025-08-15
18.2;0.0;0.0;2025-08-16
17.4;1.4;0.0;2025-08-17
13.9;4.2;0.0;2025-08-18
16.6;0.5;0.0;2025-08-19
16.6;6.8;0.0;2025-08-20
14.2;9.0;0.0;2025-08-21
13.3;0.0;0.0;2025-08-22
14.0;0.0;0.0;2025-08-23
14.3;0.0;0.0;2025-08-24
12.5;1.5;0.0;2025-08-25
11.9;2.2;0.0;2025-08-26
12.3;1.0;0.0;2025-08-27
13.6;0.1;0.0;2025-08-28
15.7;0.9;0.0;2025-08-29
21.7;0.0;0.0;2025-08-30
21.6;0.0;0.0;2025-08-31
18.7;0.0;0.0;2025-09-01
15.1;0.0;0.0;2025-09-02
15.1;0.0;0.0;2025-09-03
14.7;0.1;0.0;2025-09-04
15.7;0.0;0.0;2025-09-05
16.2;0.0;0.0;2025-09-06
16.9;0.0;0.0;2025-09-07
17.0;0.0;0.0;2025-09-08
17.2;0.0;0.0;2025-09-09
14.8;0.0;0.0;2025-09-10
15.1;0.0;0.0;2025-09-11
14.4;0.0;0.0;2025-09-12
12.6;0.0;0.0;2025-09-13
13.2;0.0;0.0;2025-09-14
14.6;0.0;0.0;2025-09-15
16.1;0.0;0.0;2025-09-16
15.5;0.0;0.0;2025-09-17
13.8;0.4;0.0;2025-09-18
12.5;4.9;0.0;2025-09-19
13.2;0.4;0.0;2025-09-20
17.0;0.0;0.0;2025-09-21
19.9;0.0;0.0;2025-09-22
15.0;1.2;0.0;2025-09-23
8.9;0.1;0.0;2025-09-24
8.0;0.4;0.0;2025-09-25
8.8;0.0;0.0;2025-09-26
8.6;3.6;0.0;2025-09-27
7.1;1.2;0.0;2025-09-28
6.6;0.0;0.0;2025-09-29
5.1;0.0;0.0;2025-09-30
6.0;0.0;0.0;2025-10-01
7.2;0.0;0.0;2025-10-02
8.2;1.3;0.0;2025-10-03
9.2;0.0;0.0;2025-10-04
10.0;1.0;0.0;2025-10-05
11.1;3.3;0.0;2025-10-06
10.9;0.6;0.0;2025-10-07
11.1;0.0;0.0;2025-10-08
11.1;0.7;0.0;2025-10-09
10.0;1.5;0.0;2025-10-10
10.1;0.7;0.0;2025-10-11
7.2;1.0;0.0;2025-10-12
4.1;20.6;0.07;2025-10-13
4.4;5.1;0.0;2025-10-14
3.7;6.6;0.0;2025-10-15
3.7;0.5;0.0;2025-10-16
7.8;2.7;0.0;2025-10-17
6.0;0.2;0.0;2025-10-18
5.7;0.3;0.0;2025-10-19
6.0;0.4;0.0;2025-10-20
4.2;2.4;0.0;2025-10-21
5.1;0.0;0.0;2025-10-22
4.7;0.1;0.0;2025-10-23
7.0;1.9;0.0;2025-10-24
9.5;0.3;0.0;2025-10-25
7.3;4.7;0.0;2025-10-26
6.3;2.8;0.0;2025-10-27
6.3;6.9;0.0;2025-10-28
5.3;2.6;0.0;2025-10-29
5.6;0.0;0.0;2025-10-30
5.5;9.9;0.0;2025-10-31
5.4;0.0;0.0;2025-11-01
5.0;0.1;0.0;2025-11-02
6.0;1.8;0.0;2025-11-03
8.5;3.0;0.0;2025-11-04
6.4;0.0;0.0;2025-11-05
7.0;1.6;0.0;2025-11-06
8.5;1.6;0.0;2025-11-07
9.0;0.2;0.0;2025-11-08
5.8;0.0;0.0;2025-11-09
3.1;0.0;0.0;2025-11-10
3.6;0.0;0.0;2025-11-11
3.3;1.0;0.0;2025-11-12
4.7;0.1;0.0;2025-11-13
5.5;0.5;0.0;2025-11-14
0.4;12.8;5.04;2025-11-15
-3.8;0.0;0.0;2025-11-16
-0.4;2.9;0.0;2025-11-17
5.1;10.1;0.0;2025-11-18
0.3;0.0;0.0;2025-11-19
-0.4;0.0;0.0;2025-11-20
0.1;0.6;0.35;2025-11-21
0.9;4.6;1.96;2025-11-22
-0.3;0.1;0.07;2025-11-23
1.7;10.5;0.7;2025-11-24
0.2;0.0;0.0;2025-11-25
0.5;7.2;3.22;2025-11-26
3.7;6.3;0.0;2025-11-27
3.4;3.7;0.0;2025-11-28
0.2;0.0;0.0;2025-11-29
1.9;0.2;0.0;2025-11-30
0.7;0.0;0.0;2025-12-01
0.4;0.0;0.0;2025-12-02
0.8;0.0;0.0;2025-12-03
1.8;0.0;0.0;2025-12-04
2.0;0.0;0.0;2025-12-05
2.7;0.0;0.0;2025-12-06
0.8;0.0;0.0;2025-12-07
0.2;0.0;0.0;2025-12-08
-0.4;0.4;0.28;2025-12-09
-0.5;2.2;1.54;2025-12-10
2.0;4.2;0.0;2025-12-11
1.5;3.6;0.84;2025-12-12
-4.8;0.8;0.63;2025-12-13
-6.0;0.6;0.42;2025-12-14
-7.8;0.1;0.07;2025-12-15
-2.1;1.4;0.91;2025-12-16
1.2;0.1;0.0;2025-12-17
0.3;0.0;0.0;2025-12-18
-0.1;0.2;0.0;2025-12-19
-0.6;0.0;0.0;2025-12-20
0.1;0.5;0.35;2025-12-21
-0.5;1.7;0.77;2025-12-22
-11.6;0.0;0.0;2025-12-23
-12.2;0.7;0.56;2025-12-24
-2.6;3.6;2.59;2025-12-25
0.5;9.4;6.51;2025-12-26
-1.1;0.8;0.56;2025-12-27
-2.8;2.7;1.89;2025-12-28
-4.2;2.1;1.47;2025-12-29
-5.0;4.6;3.22;2025-12-30
-6.9;2.8;1.96;2025-12-31
